method,split,n,source,source_path,R2_mean,R2_sample_std_ddof1,rmse_mean,rmse_sample_std_ddof1,nse_mean,nse_sample_std_ddof1,biasabs_mean,biasabs_sample_std_ddof1,rmse25_mean,rmse25_sample_std_ddof1,std_definition
TerraState-C1,iid_chopped,3,this_eval:per_seed_metrics.csv + state_contract_exclusive.json,/data/zs/multiseed_standard_eval_20260910T074115Z/per_seed_metrics.csv,0.5220939507224425,6.488654133138544e-05,0.15553065656862813,1.4193866543326942e-06,-0.13702467926870301,9.508134274383911e-05,0.09965423417921865,3.999152210624997e-06,0.09115013611191586,1.7486103005469634e-05,sample std ddof=1 across seeds; not a confidence interval
ConvLSTM 1M,iid_chopped,3,A08_same_protocol_measured,/data/zs/WorldModel2026/terrastate/思路整理进展/A08_E1主表_同协议重跑结果.md,0.5106666666666667,0.0015044378795195706,0.1557,0.0011000000000000038,-0.10456666666666668,0.01147446440289626,0.0978,0.0012124355652982138,0.10046666666666666,0.0016772994167212204,sample std ddof=1 across seeds; not a confidence interval
PredRNN 1M,iid_chopped,3,A08_same_protocol_measured,/data/zs/WorldModel2026/terrastate/思路整理进展/A08_E1主表_同协议重跑结果.md,0.5414333333333333,0.010986051762727784,0.1423,0.004503332099679082,0.042666666666666665,0.04813079402350779,0.08686666666666666,0.003650114153466074,0.08883333333333333,0.002532455988429676,sample std ddof=1 across seeds; not a confidence interval
SimVP 6M,iid_chopped,3,A08_same_protocol_measured,/data/zs/WorldModel2026/terrastate/思路整理进展/A08_E1主表_同协议重跑结果.md,0.49879999999999997,0.006090155991434053,0.1461,0.0017088007490635,-0.019133333333333332,0.02274298426621567,0.08706666666666667,0.0014977761292440633,0.10086666666666666,0.0027153882472555073,sample std ddof=1 across seeds; not a confidence interval
Contextformer 6M,iid_chopped,3,A08_same_protocol_measured,/data/zs/WorldModel2026/terrastate/思路整理进展/A08_E1主表_同协议重跑结果.md,0.5333333333333333,0.000611010092660772,0.1484333333333333,0.000901849950564577,-0.038733333333333335,0.01311576659342996,0.09413333333333333,0.0008504900548115417,0.08929999999999999,0.000458257569495582,sample std ddof=1 across seeds; not a confidence interval
Persistence,iid_chopped,1,A08_same_protocol_measured,/data/zs/WorldModel2026/terrastate/思路整理进展/A08_E1主表_同协议重跑结果.md,0.0,,0.2213,,-1.1716,,0.161,,0.1028,,sample std ddof=1 across seeds; not a confidence interval
TerraState-C1,ood-t_chopped,3,this_eval:per_seed_metrics.csv + state_contract_exclusive.json,/data/zs/multiseed_standard_eval_20260910T074115Z/per_seed_metrics.csv,0.5725859181174409,0.0001081345442359792,0.15095680197125058,2.7423826358278265e-05,-0.10678026728885204,0.0004307580110276778,0.10136105711468424,3.2123618796282705e-05,0.08238418157280382,2.0260172336639922e-05,sample std ddof=1 across seeds; not a confidence interval
ConvLSTM 1M,ood-t_chopped,3,A08_same_protocol_measured,/data/zs/WorldModel2026/terrastate/思路整理进展/A08_E1主表_同协议重跑结果.md,0.5483333333333333,0.006963715483370483,0.16149999999999998,0.0018248287590894657,-0.18986666666666666,0.01297394825538215,0.10973333333333334,0.0022810816147900786,0.10216666666666667,0.002720906711619004,sample std ddof=1 across seeds; not a confidence interval
PredRNN 1M,ood-t_chopped,3,A08_same_protocol_measured,/data/zs/WorldModel2026/terrastate/思路整理进展/A08_E1主表_同协议重跑结果.md,0.5924333333333333,0.0015307950004272975,0.1474,0.0021166010488516598,-0.037533333333333335,0.026647764133850584,0.09736666666666667,0.00470141822574139,0.10183333333333333,0.0019218047073866153,sample std ddof=1 across seeds; not a confidence interval
SimVP 6M,ood-t_chopped,3,A08_same_protocol_measured,/data/zs/WorldModel2026/terrastate/思路整理进展/A08_E1主表_同协议重跑结果.md,0.5616333333333333,0.005320087718575064,0.14923333333333333,0.001913983629327411,-0.06596666666666667,0.016529166141500705,0.09766666666666668,0.0020231987873991376,0.10433333333333333,0.0016072751268321607,sample std ddof=1 across seeds; not a confidence interval
Contextformer 6M,ood-t_chopped,3,A08_same_protocol_measured,/data/zs/WorldModel2026/terrastate/思路整理进展/A08_E1主表_同协议重跑结果.md,0.5877,0.004358898943540678,0.1431,0.0008185352771872549,0.0051,0.01676872088145068,0.09363333333333335,0.0005033222956847172,0.08183333333333333,0.0031533051443419385,sample std ddof=1 across seeds; not a confidence interval
Persistence,ood-t_chopped,1,A08_same_protocol_measured,/data/zs/WorldModel2026/terrastate/思路整理进展/A08_E1主表_同协议重跑结果.md,0.0,,0.2157,,-1.2248,,0.1583,,0.085,,sample std ddof=1 across seeds; not a confidence interval
TerraState-C1,ood-s_chopped,3,this_eval:per_seed_metrics.csv + state_contract_exclusive.json,/data/zs/multiseed_standard_eval_20260910T074115Z/per_seed_metrics.csv,0.4949080285564463,2.8790121222587504e-05,0.16213979306117648,9.592315171969639e-06,-0.17633160992978483,0.00012556458572275845,0.10180562782160907,1.3673711286315758e-05,0.09699020388547724,1.549484747599649e-05,sample std ddof=1 across seeds; not a confidence interval
ConvLSTM 1M,ood-s_chopped,3,A08_same_protocol_measured,/data/zs/WorldModel2026/terrastate/思路整理进展/A08_E1主表_同协议重跑结果.md,0.47606666666666664,0.003728717384481345,0.16216666666666668,0.0010503967504392581,-0.15396666666666667,0.01129704976236421,0.0998,0.0010535653752852764,0.10383333333333333,0.0017616280348965088,sample std ddof=1 across seeds; not a confidence interval
PredRNN 1M,ood-s_chopped,3,A08_same_protocol_measured,/data/zs/WorldModel2026/terrastate/思路整理进展/A08_E1主表_同协议重跑结果.md,0.5087333333333334,0.009258689612106791,0.14936666666666668,0.004289910643980061,-0.010266666666666667,0.05004371422399953,0.08876666666666666,0.004346646216720815,0.09353333333333332,0.0033724372986511297,sample std ddof=1 across seeds; not a confidence interval
SimVP 6M,ood-s_chopped,3,A08_same_protocol_measured,/data/zs/WorldModel2026/terrastate/思路整理进展/A08_E1主表_同协议重跑结果.md,0.46493333333333337,0.006351640208114212,0.15293333333333334,0.0012503332889007377,-0.07033333333333333,0.018402807756789,0.0882,0.0016370705543744869,0.10693333333333332,0.00351330803279948,sample std ddof=1 across seeds; not a confidence interval
Contextformer 6M,ood-s_chopped,3,A08_same_protocol_measured,/data/zs/WorldModel2026/terrastate/思路整理进展/A08_E1主表_同协议重跑结果.md,0.5021,0.0019672315572906037,0.15493333333333334,0.0016041612554021194,-0.07903333333333333,0.022120201927951135,0.09603333333333335,0.0016623276853055566,0.0948,0.0006557438524301977,sample std ddof=1 across seeds; not a confidence interval
Persistence,ood-s_chopped,1,A08_same_protocol_measured,/data/zs/WorldModel2026/terrastate/思路整理进展/A08_E1主表_同协议重跑结果.md,0.0,,0.2258,,-1.1336,,0.1625,,0.1127,,sample std ddof=1 across seeds; not a confidence interval
TerraState-C1,ood-st_chopped,3,this_eval:per_seed_metrics.csv + state_contract_exclusive.json,/data/zs/multiseed_standard_eval_20260910T074115Z/per_seed_metrics.csv,0.540740050283667,0.00018833126699257103,0.15417706074272544,2.5056542564904065e-05,-0.15508144568485202,0.00042966881386188914,0.10164289109343409,1.863734544109785e-05,0.08709173490567612,2.3793121601488096e-05,sample std ddof=1 across seeds; not a confidence interval
ConvLSTM 1M,ood-st_chopped,3,A08_same_protocol_measured,/data/zs/WorldModel2026/terrastate/思路整理进展/A08_E1主表_同协议重跑结果.md,0.5233666666666666,0.003208322510804236,0.16103333333333333,0.0009237604307033956,-0.2261,0.011290704141017963,0.10593333333333332,0.0017616280348965088,0.1047,0.002042057785666212,sample std ddof=1 across seeds; not a confidence interval
PredRNN 1M,ood-st_chopped,3,A08_same_protocol_measured,/data/zs/WorldModel2026/terrastate/思路整理进展/A08_E1主表_同协议重跑结果.md,0.5635,0.0016643316977093306,0.14783333333333334,0.0013316656236958687,-0.07083333333333335,0.010399198687078412,0.09426666666666667,0.0033291640592396994,0.10453333333333333,0.002500666577801469,sample std ddof=1 across seeds; not a confidence interval
SimVP 6M,ood-st_chopped,3,A08_same_protocol_measured,/data/zs/WorldModel2026/terrastate/思路整理进展/A08_E1主表_同协议重跑结果.md,0.5274666666666666,0.002112660250332098,0.15526666666666666,0.0020108041509140956,-0.15523333333333333,0.020542719716077837,0.09986666666666666,0.0009504384952922164,0.10816666666666667,0.0018903262505010397,sample std ddof=1 across seeds; not a confidence interval
Contextformer 6M,ood-st_chopped,3,A08_same_protocol_measured,/data/zs/WorldModel2026/terrastate/思路整理进展/A08_E1主表_同协议重跑结果.md,0.5567000000000001,0.001299999999999985,0.14730000000000001,0.001039230484541324,-0.05783333333333333,0.015387115822444872,0.09583333333333334,0.0013650396819628815,0.08596666666666668,0.002358671942711263,sample std ddof=1 across seeds; not a confidence interval
Persistence,ood-st_chopped,1,A08_same_protocol_measured,/data/zs/WorldModel2026/terrastate/思路整理进展/A08_E1主表_同协议重跑结果.md,0.0,,0.2183,,-1.2401,,0.1607,,0.0966,,sample std ddof=1 across seeds; not a confidence interval
