candidate_id,split,category,season,cube,rel,status,valid_fraction,n_valid_target,rmse_c1,rmse_persistence,rmse_c1_early,rmse_c1_mid,rmse_c1_late,rmse_persistence_early,rmse_persistence_mid,rmse_persistence_late,rmse_c1_h20,rmse_persistence_h20
P01,iid_chopped,high_change,MAM18,minicube_231_34TFN_43.02_22.63,MAM18/minicube_231_34TFN_43.02_22.63.nc,ok,0.366013,119935,0.418156,0.547000,,0.34103697804481864,0.46708532176685763,,0.4381135131070902,0.6284047678439691,"[null, null, null, null, null, null, 0.18045966350436624, null, 0.28336239098584515, 0.34103697804481864, 0.4569477558538823, 0.49819822995387103, null, 0.4991700341565439, 0.5322962892029751, 0.3967477382491002, 0.48785112642116446, 0.48838396858404165, 0.4019721063906721, 0.46708532176685763]","[null, null, null, null, null, null, 0.24607387413835266, null, 0.3702577291197596, 0.4381135131070902, 0.5668589807739298, 0.6249348034418851, null, 0.6423730284711876, 0.6699736065458283, 0.5770227041504227, 0.6459328613521744, 0.6667082778837693, 0.593533646088496, 0.6284047678439691]"
P02,iid_chopped,high_change,SON18,minicube_211_34TDK_40.44_20.66,SON18/minicube_211_34TDK_40.44_20.66.nc,ok,0.470822,154279,0.099648,0.138267,0.07489577788032652,0.11731399186132463,0.8013922965964755,0.07671531075864882,0.14766184983508274,0.9615367236188433,"[0.04639931493286105, 0.05983869260786836, 0.06061261793242702, 0.07383040005897248, 0.07489577788032652, null, 0.09279069402159294, 0.10814750899323815, 0.10189699408005842, 0.11731399186132463, 0.11708715958690576, null, null, 0.16596304186849425, 0.14122536748720585, 0.5776327041577952, null, null, 0.10108368602627295, 0.8013922965964755]","[0.04528874517009042, 0.06279395086240401, 0.055337451311074294, 0.0746180946575, 0.07671531075864882, null, 0.10852047684466484, 0.12324343538034606, 0.11799761584163168, 0.14766184983508274, 0.13987863437539114, null, null, 0.206519968680827, 0.21626645944484968, 0.5981685964769715, null, null, 0.2270107000844659, 0.9615367236188433]"
P03,iid_chopped,low_validity,MAM17,minicube_208_34TCQ_44.74_18.50,MAM17/minicube_208_34TCQ_44.74_18.50.nc,ok,0.150082,49179,0.196940,0.373688,,0.2502332942635908,0.1980655680473228,,0.39266700024463846,0.4879880063465927,"[null, null, null, 0.11626258506067741, null, null, null, null, null, 0.2502332942635908, null, 0.22189358686804336, null, null, null, null, null, null, null, 0.1980655680473228]","[null, null, null, 0.15792047450204627, null, null, null, null, null, 0.39266700024463846, null, 0.39637021521535293, null, null, null, null, null, null, null, 0.4879880063465927]"
P04,iid_chopped,seasonal_trend,MAM18,minicube_214_34TDM_42.27_20.41,MAM18/minicube_214_34TDM_42.27_20.41.nc,ok,0.51716,169463,0.505955,0.701268,,,,,,,"[0.4237028820737855, 0.14902256803011316, null, 0.31305359824049545, null, 0.37938191335249727, 0.27705818870530746, 0.21827186734532253, 0.26629921158155717, null, 0.5197717489995373, 0.5451987955405405, 0.5520670166402799, null, 0.5876518157888214, 0.5955926463703942, 0.5715112790650038, 0.5811311691408046, 0.5799213176156737, null]","[0.4324898390238974, 0.491713125271553, null, 0.4384821548796295, null, 0.5030327761852202, 0.4313809943717899, 0.3567035672049713, 0.43346482680611614, null, 0.7178972876863133, 0.7507231952292528, 0.76132310158484, null, 0.8002845768988736, 0.8140331925245631, 0.7885490713517173, 0.7998978531325485, 0.7859263341728813, null]"
P05,iid_chopped,seasonal_trend,SON18,minicube_223_34TEL_40.70_21.54,SON18/minicube_223_34TEL_40.70_21.54.nc,ok,0.422241,138360,0.096026,0.173997,0.04565437837216621,0.08134972320029533,,0.020809676488385526,0.1505338991627935,,"[0.04882938025822623, null, null, 0.05797297630699572, 0.04565437837216621, null, 0.04581051755598485, null, 0.04486010453947889, 0.08134972320029533, null, 0.08399403620759593, 0.1767508788805792, null, 0.1631103519761214, 0.15544305073075676, null, 0.594616718141641, null, null]","[0.0228126747886439, null, null, 0.039194705838893805, 0.020809676488385526, null, 0.03268002659717581, null, 0.06866490409664908, 0.1505338991627935, null, 0.17253081353342867, 0.30775989849058616, null, 0.3322037073422628, 0.3485610077736517, null, 0.9013477217146443, null, null]"
P06,iid_chopped,turn_point,SON19,minicube_101_32TPR_45.53_11.26,SON19/minicube_101_32TPR_45.53_11.26.nc,ok,0.411383,134802,0.099594,0.112944,0.1116847500866561,0.0774254709882188,0.11343006826221418,0.10788582526397772,0.07909970613214191,0.1490948691889815,"[0.06550221643598653, null, null, 0.08179183932703689, 0.1116847500866561, null, 0.05703265861180386, null, 0.08652978590191467, 0.0774254709882188, 0.10257751322102374, 0.10146096408650158, null, 0.9090922062911668, 0.12164441363840468, null, null, null, 0.13492944285060887, 0.11343006826221418]","[0.0708728193755951, null, null, 0.08463061261438995, 0.10788582526397772, null, 0.06378108992479099, null, 0.08255225535477714, 0.07909970613214191, 0.11208011956128026, 0.10114436733640304, null, 1.0107186882567476, 0.1027078169234817, null, null, null, 0.21960003125625494, 0.1490948691889815]"
P07,iid_chopped,typical,MJJ18,minicube_153_33TXJ_43.46_16.80,MJJ18/minicube_153_33TXJ_43.46_16.80.nc,ok,0.541641,177485,0.063759,0.068168,0.06703082122343546,,0.06440147682561603,0.06428525161313063,,0.10625955503746934,"[0.14655624311616983, 0.05429928962039648, null, 0.07198184044361376, 0.06703082122343546, null, 0.06320835488870935, 0.07138408621509479, 0.06406360343425051, null, 0.06194283771814285, null, 0.062062445574639774, null, 0.061194105307019325, 0.05503429689279671, 0.05384044228304611, 0.07771454767771842, 0.06261178258493126, 0.06440147682561603]","[0.13968575849994314, 0.05906217676095702, null, 0.057688050355089664, 0.06428525161313063, null, 0.05999180303962964, 0.06844684265183577, 0.062310006264246674, null, 0.06294216182987325, null, 0.06367002121180446, null, 0.061743532949494126, 0.060617950550145044, 0.06135009999135001, 0.09666875640099883, 0.07160693368796743, 0.10625955503746934]"
P08,iid_chopped,typical,SON18,minicube_19_29TQF_40.87_-5.90,SON18/minicube_19_29TQF_40.87_-5.90.nc,ok,0.65907,215964,0.060579,0.067994,0.050708929582066894,0.0448674419029507,0.1158746125555921,0.04350691143783192,0.03500844539137953,0.17168283049709357,"[0.035151258194809284, 0.019754012767241286, 0.036284016434733286, 0.026910071693431025, 0.050708929582066894, 0.047673670123324574, 0.05218590534468061, 0.039125764270402964, 0.04697071478879991, 0.0448674419029507, 0.05970017182792697, 0.05435026623302182, 0.0707206662233999, null, null, null, 0.10771994646710518, 0.08841035770915101, 0.09778634973843656, 0.1158746125555921]","[0.032122047633387454, 0.018175953086280526, 0.033905042217627857, 0.023893648690763956, 0.04350691143783192, 0.036445012515568705, 0.04847188288785714, 0.03525223558183513, 0.04555296671692423, 0.03500844539137953, 0.04932728680238661, 0.0325706582808912, 0.05804211251282182, null, null, null, 0.10400001355976547, 0.045818331755426434, 0.13314944124761188, 0.17168283049709357]"
P09,ood-t_chopped,high_change,SON21,minicube_153_33TXJ_43.46_16.80,SON21/minicube_153_33TXJ_43.46_16.80.nc,ok,0.454309,148868,0.087393,0.084004,0.07821224062259804,,0.6046644094259082,0.06680096259799022,,0.7027656628926755,"[0.046479551428070205, 0.04974195369232926, 0.05795747697756653, 0.08698146865253421, 0.07821224062259804, 0.05853216415556911, 0.09865530082516992, null, 0.10380278009945987, null, null, null, null, null, null, null, 0.11871167286028683, null, 0.1305891544850699, 0.6046644094259082]","[0.041360679406153844, 0.04500259591413602, 0.04988919793103677, 0.10063012002586763, 0.06680096259799022, 0.047888006230147766, 0.07344514272660065, null, 0.10185427913270106, null, null, null, null, null, null, null, 0.12706240972175742, null, 0.1288803243562256, 0.7027656628926755]"
P10,ood-t_chopped,high_change,SON21,minicube_154_33TXJ_43.62_16.81,SON21/minicube_154_33TXJ_43.62_16.81.nc,ok,0.385617,126359,0.095293,0.152200,0.07588173535738837,,0.5732957277245121,0.10307922589721948,,0.8166834838163842,"[0.06210290077457973, 0.0569370618913469, 0.060472843827803775, null, 0.07588173535738837, 0.06855977445155151, 0.09159447500149702, null, 0.10311589990976058, null, null, null, null, null, null, null, 0.12914202789058846, null, 0.1521642040748784, 0.5732957277245121]","[0.059768770134871224, 0.06931002873983229, 0.07631344889870459, null, 0.10307922589721948, 0.09912871057838504, 0.12393467637038855, null, 0.038057668305094994, null, null, null, null, null, null, null, 0.26318909430267134, null, 0.24743074778121807, 0.8166834838163842]"
P11,ood-t_chopped,low_validity,SON22,minicube_192_33VXG_59.93_17.47,SON22/minicube_192_33VXG_59.93_17.47.nc,ok,0.150165,49206,0.193648,0.169110,0.16656702175322746,0.19758362106289717,0.3230425249243507,0.11311635093708033,0.17440378221573435,0.33450431888116156,"[0.18127090799516557, null, null, null, 0.16656702175322746, null, null, 0.18721883784395738, null, 0.19758362106289717, null, 0.20444565746088797, null, null, null, null, null, null, null, 0.3230425249243507]","[0.16046515068706693, null, null, null, 0.11311635093708033, null, null, 0.13212414721579593, null, 0.17440378221573435, null, 0.19718595196520655, null, null, null, null, null, null, null, 0.33450431888116156]"
P12,ood-t_chopped,seasonal_trend,MAM22,minicube_216_34TDP_43.54_21.03,MAM22/minicube_216_34TDP_43.54_21.03.nc,ok,0.387793,127072,0.210465,0.346804,0.10048539024661085,,0.30097448449628034,0.1179759901258808,,0.48077924255435506,"[null, null, 0.12291646689718976, null, 0.10048539024661085, 0.10211606781948387, null, 0.11284385815203408, 0.10620034639435899, null, 0.08771774209278983, null, 0.22918470116127485, null, 0.2683239978678903, 0.2728758006104538, 0.25875456461334845, null, null, 0.30097448449628034]","[null, null, 0.1142350123626502, null, 0.1179759901258808, 0.13134747629995688, null, 0.15933067394212555, 0.1809458971579686, null, 0.14468115547574817, null, 0.4192575910258724, null, 0.45154509361025735, 0.4570179093321634, 0.4448897547360869, null, null, 0.48077924255435506]"
P13,ood-t_chopped,seasonal_trend,MAM22,minicube_223_34TEL_40.70_21.54,MAM22/minicube_223_34TEL_40.70_21.54.nc,ok,0.393729,129017,0.322827,0.432611,0.08279034611186155,,0.41163156991615446,0.06715421430136836,,0.5292038856560766,"[null, 0.18604582228830893, null, null, 0.08279034611186155, null, 0.1186627165459214, 0.1191831233869669, null, null, null, 0.18840176825371574, null, null, 0.37487267374601607, 0.39018414891640235, 0.396192995891123, 0.38378068118186265, 0.40154099650548286, 0.41163156991615446]","[null, 0.15422039501143497, null, null, 0.06715421430136836, null, 0.16343869169906694, 0.17860861058444583, null, null, null, 0.3081104496827011, null, null, 0.506891548822492, 0.5291535347530754, 0.5309689822679731, 0.5078149681887438, 0.5211846648499255, 0.5292038856560766]"
P14,ood-t_chopped,turn_point,SON21,minicube_102_32TPR_45.81_10.98,SON21/minicube_102_32TPR_45.81_10.98.nc,ok,0.362317,118724,0.155926,0.159360,0.12077999947242699,,,0.08794504113074714,,,"[0.0461623262039521, 0.06099644197042419, null, 0.0848855639226726, 0.12077999947242699, 0.10461749486746821, null, 0.09942581473663357, null, null, null, null, null, null, 0.8302762298618238, 0.20584560020126397, 0.2192245428676065, 0.29034782626926003, null, null]","[0.03844722898818221, 0.05859443492895311, null, 0.05741918905874492, 0.08794504113074714, 0.07332531268019317, null, 0.06741670651214886, null, null, null, null, null, null, 0.8581147658986931, 0.17899585217281214, 0.26798564255232965, 0.3110194173270265, null, null]"
P15,ood-t_chopped,typical,JAS22,minicube_34_30TXR_45.37_-0.87,JAS22/minicube_34_30TXR_45.37_-0.87.nc,ok,0.546518,179083,0.114788,0.108070,,,0.1324619240070073,,,0.12955655394948554,"[0.07458131695700537, 0.09070098562772322, 0.09983115644858312, null, null, 0.09957891536110619, 0.10127665391592956, 0.10984582291799118, 0.10779652706240223, null, null, null, null, 0.11994487709716338, null, 0.10376641025316881, 0.13774707343936177, 0.14808268127027285, 0.1298357612990618, 0.1324619240070073]","[0.05192944227325561, 0.06635274052374507, 0.07518612204016868, null, null, 0.09086441650766039, 0.10002813681064167, 0.11393934175724274, 0.12619225795379974, null, null, null, null, 0.12398769785801927, null, 0.07376533772943093, 0.1271148931777854, 0.13238642719311966, 0.11388966764746498, 0.12955655394948554]"
P16,ood-t_chopped,typical,MJJ22,minicube_146_33TVF_40.88_14.87,MJJ22/minicube_146_33TVF_40.88_14.87.nc,ok,0.746268,244537,0.157133,0.175657,0.13574773518623326,0.15964433269446043,0.1870598840669208,0.17652245925392046,0.1898274993456863,0.16742554712668054,"[0.04883217180578626, null, 0.07632490695971227, 0.11242292960034725, 0.13574773518623326, 0.1697103911559709, 0.1536335974757166, 0.16443855616385716, 0.16479570855587378, 0.15964433269446043, 0.15492349220121704, 0.15869753456694843, 0.2115540743422532, null, 0.17212711100671355, 0.17697325458643925, 0.1768832392294601, 0.18024317783216798, 0.19113432246330808, 0.1870598840669208]","[0.048619309501967654, null, 0.11635163892857531, 0.15167573306381782, 0.17652245925392046, 0.19993778599742446, 0.188836119036968, 0.19213568110003246, 0.19810209582612326, 0.1898274993456863, 0.18029132507904738, 0.17646195405899642, 0.2293056655374376, null, 0.18507205443086486, 0.1859585739684815, 0.17585543737494255, 0.17598026283040924, 0.18636003140599192, 0.16742554712668054]"
P17,ood-s_chopped,high_change,SON19,minicube_386_49.25_18.55,SON19/minicube_386_49.25_18.55.nc,ok,0.309222,101326,0.111152,0.181793,,0.20762025058868888,0.7202992368121502,,0.28795485622062994,0.9456237320298398,"[0.06148358845233173, 0.0672587608422845, 0.04152889974571872, 0.17739955718702333, null, 0.9776703379547459, null, 0.7439846276979635, null, 0.20762025058868888, 0.14363161207160272, 0.15370822243602017, null, null, 0.12511382767772303, null, 0.1004592497412849, null, 0.11856127526906819, 0.7202992368121502]","[0.044851271803632936, 0.09257983912680307, 0.039638113596398995, 0.18030975381597764, null, 1.0103644990868799, null, 0.8103628916384797, null, 0.28795485622062994, 0.21227113967320313, 0.23712699986862792, null, null, 0.17406555015459937, null, 0.19471250341414023, null, 0.27490375213650015, 0.9456237320298398]"
P18,ood-s_chopped,high_change,SON19,minicube_425_49.75_21.05,SON19/minicube_425_49.75_21.05.nc,ok,0.390427,127935,0.136730,0.181269,0.023220627549336046,0.1364031227575118,0.8131868826710039,0.03652484927265888,0.15627787795795725,0.9977053344781331,"[null, null, 0.03715773308295868, null, 0.023220627549336046, 0.039004898920187554, 0.17188833968584888, 0.04231466273688715, 0.05447474839134903, 0.1364031227575118, null, 0.2744111559734923, 0.16359123990829402, null, 0.41484602283263533, 0.3321292978464516, null, null, 0.18292568733028236, 0.8131868826710039]","[null, null, 0.019052964314474195, null, 0.03652484927265888, 0.025245023791928157, 0.12805459271682676, 0.051107236517675424, 0.06726467903725832, 0.15627787795795725, null, 0.31479351565279934, 0.21672820407696117, null, 0.48243068015466595, 0.4149752263690872, null, null, 0.28883185611100354, 0.9977053344781331]"
P19,ood-s_chopped,low_validity,MAM17,minicube_752_55.25_-1.75,MAM17/minicube_752_55.25_-1.75.nc,ok,0.150021,49159,0.238252,0.352625,,0.23767269492706344,,,0.317331234644781,,"[null, null, null, 0.22626175442401286, null, 0.21387850918686013, null, null, null, 0.23767269492706344, null, 0.23898967624734513, null, 0.12556462727996626, null, null, null, 0.26870255535374854, null, null]","[null, null, null, 0.3052695677037654, null, 0.29731489687235646, null, null, null, 0.317331234644781, null, 0.38481841105188086, null, 0.1333963536469036, null, null, null, 0.4296546293855898, null, null]"
P20,ood-s_chopped,seasonal_trend,MAM18,minicube_214_45.75_17.05,MAM18/minicube_214_45.75_17.05.nc,ok,0.446381,146270,0.321798,0.505831,,,0.44935967865690213,,,0.6891094904591174,"[null, null, null, null, null, null, null, 0.3972005983077728, null, null, 0.17817493501828618, 0.15438392672028195, 0.17672493926106628, 0.27043048907713735, 0.30414109131910944, 0.3427074133653336, 0.3980078062979601, null, 0.427664737204696, 0.44935967865690213]","[null, null, null, null, null, null, null, 0.27076216797547525, null, null, 0.20025513462411135, 0.29489200302144386, 0.38199351222693523, 0.5091245742563532, 0.5604424546763958, 0.6153673471583182, 0.6793491586976883, null, 0.6903273356264344, 0.6891094904591174]"
P21,ood-s_chopped,seasonal_trend,MJJ18,minicube_838_58.25_-3.75,MJJ18/minicube_838_58.25_-3.75.nc,ok,0.306076,100295,0.317341,0.290361,0.6911782530564712,,,0.5823416577341344,,,"[null, 0.6907734673644134, 0.5602171822718746, 0.08310505922892804, 0.6911782530564712, 0.08738221562622495, 0.08364425208175962, 0.0803015090164159, null, null, null, null, 0.08241800689757266, 0.04542828137026363, null, null, null, null, null, null]","[null, 0.642895997466341, 0.5048697818552623, 0.05279025691453976, 0.5823416577341344, 0.08981243850604984, 0.11991430995375534, 0.14144150407566616, null, null, null, null, 0.18770973639678984, 0.2331935039788486, null, null, null, null, null, null]"
P22,ood-s_chopped,turn_point,JAS19,minicube_305_47.75_20.05,JAS19/minicube_305_47.75_20.05.nc,ok,0.39942,130882,0.060897,0.060962,0.04762587393519201,,0.09813747010942256,0.0403986667969775,,0.0725404353944862,"[0.028909450439401643, 0.04453072462847727, null, 0.040803743236981986, 0.04762587393519201, 0.076306075604724, 0.07386413976032573, null, null, null, null, 0.04267155580609147, 0.04702492480351613, 0.9777550817281881, 0.05057519900873304, 0.05749825153337798, 0.06067631698406374, 0.0676296806813178, 0.06124501869985523, 0.09813747010942256]","[0.025099389515121383, 0.03916391402499965, null, 0.03471461837814946, 0.0403986667969775, 0.11371080568703835, 0.09490352360972085, null, null, null, null, 0.0513506909208598, 0.05085075023210111, 0.9735549622665862, 0.05498925856378974, 0.0649766417495618, 0.05849381916881723, 0.059967461762439084, 0.09423211084736992, 0.0725404353944862]"
P23,ood-s_chopped,typical,JAS18,minicube_569_52.25_22.55,JAS18/minicube_569_52.25_22.55.nc,ok,0.432471,141712,0.126620,0.164714,0.09486011936770608,0.11946799489300877,0.18355264036339997,0.14130471953452692,0.16314097163656163,0.24114798256080064,"[null, 0.05131842819162561, null, 0.07980954227291671, 0.09486011936770608, 0.11383909690083643, 0.09637196668882424, 0.1002124936206294, 0.11350137146366465, 0.11946799489300877, 0.13026050417525176, 0.19704482729138503, 0.14902016028584428, null, null, null, null, 0.18074196324038527, 0.21932396422024758, 0.18355264036339997]","[null, 0.06688807490279668, null, 0.11056678533950239, 0.14130471953452692, 0.22638320341598783, 0.11071467920914616, 0.12700689724832187, 0.14858844963880322, 0.16314097163656163, 0.1782526630806723, 0.24734426292842696, 0.1974284095863089, null, null, null, null, 0.1942204461927577, 0.44450021056021016, 0.24114798256080064]"
P24,ood-s_chopped,typical,MJJ18,minicube_486_50.75_20.05,MJJ18/minicube_486_50.75_20.05.nc,ok,0.483246,158350,0.146018,0.219491,0.11327168581304695,0.11479894407435222,0.20047672248354964,0.2388649280027105,0.21092897441971262,0.280672333302347,"[0.07034091343797134, 0.0750255132042086, 0.1312926216076989, 0.08833497446152852, 0.11327168581304695, 0.12729291945094245, 0.12046780349661712, null, null, 0.11479894407435222, null, null, 0.1587372926815823, 0.16715263688165288, null, null, 0.19009594697823443, 0.18862428037792434, 0.19976720273789533, 0.20047672248354964]","[0.06786722140471861, 0.10945419224640508, 0.13209159073566898, 0.1789104742884268, 0.2388649280027105, 0.23281656950420332, 0.22983743908406848, null, null, 0.21092897441971262, null, null, 0.15984079777931195, 0.27996534493304837, null, null, 0.26758026564997317, 0.25419096947686715, 0.2694383047602919, 0.280672333302347]"
P25,ood-st_chopped,high_change,MAM21,minicube_664_53.75_-0.25,MAM21/minicube_664_53.75_-0.25.nc,ok,0.294904,96634,0.490757,0.663063,,,0.6047664844530068,,,0.8093275985352286,"[null, 0.3810248381923283, null, null, null, null, null, 0.48688425975139654, 0.4527912109679586, null, 0.41232753016648604, 0.4398472134960245, 0.39930099620463194, 0.49224091871836656, null, 0.422192697695374, null, null, 0.5811321036588404, 0.6047664844530068]","[null, 0.4846173272233988, null, null, null, null, null, 0.6325644371242788, 0.6117908391755128, null, 0.5649189081267678, 0.5974042670930328, 0.5693089344632725, 0.6953767088153328, null, 0.6061451515997905, null, null, 0.79770831145156, 0.8093275985352286]"
P26,ood-st_chopped,high_change,SON22,minicube_755_55.25_21.55,SON22/minicube_755_55.25_21.55.nc,ok,0.294482,96496,0.153597,0.154052,0.07627384646084609,,1.1909800767394112,0.04291062790752949,,1.3229013532608886,"[0.027322870248902568, 0.037514308477012544, null, null, 0.07627384646084609, 0.06690213010065646, 0.07905026208576736, 0.07871671219028961, 0.08794308324886517, null, null, null, 0.1881306987361208, null, null, null, null, null, null, 1.1909800767394112]","[0.021750976584300887, 0.027797594421803025, null, null, 0.04291062790752949, 0.052299119712509536, 0.06400798058258245, 0.0635499466388377, 0.07499763406066823, null, null, null, 0.15756762123413148, null, null, null, null, null, null, 1.3229013532608886]"
P27,ood-st_chopped,low_validity,JAS21,minicube_481_50.75_17.55,JAS21/minicube_481_50.75_17.55.nc,ok,0.150137,49197,0.115198,0.184911,0.11252144797606849,0.10723931890920949,,0.17869255346150784,0.20165104594927885,,"[null, null, null, null, 0.11252144797606849, null, 0.11841112986687623, 0.15535123488240113, 0.11621039312861031, 0.10723931890920949, null, null, 0.07886525563670188, null, null, null, null, null, null, null]","[null, null, null, null, 0.17869255346150784, null, 0.23189395155269332, 0.2356475151620216, 0.180825265435535, 0.20165104594927885, null, null, 0.09001454450317514, null, null, null, null, null, null, null]"
P28,ood-st_chopped,seasonal_trend,MAM21,minicube_190_45.25_23.55,MAM21/minicube_190_45.25_23.55.nc,ok,0.307809,100863,0.104538,0.304212,0.04126301219608327,,0.06123685038494414,0.033507375495542426,,0.4843361271652183,"[null, 0.09552701966775057, 0.08978831946446057, null, 0.04126301219608327, 0.060501101592784226, null, 0.14030499231178, null, null, 0.094968310495822, null, 0.12558790033509012, 0.12906179809040008, null, null, null, null, null, 0.06123685038494414]","[null, 0.06796857537666375, 0.08785945658394824, null, 0.033507375495542426, 0.02549711969481033, null, 0.04012456096789736, null, null, 0.24518572428140273, null, 0.46203657879824267, 0.49222922961075016, null, null, null, null, null, 0.4843361271652183]"
P29,ood-st_chopped,seasonal_trend,SON21,minicube_164_44.75_16.55,SON21/minicube_164_44.75_16.55.nc,ok,0.365985,119926,0.159378,0.220643,0.036102618955355416,,0.11699740429118351,0.04524407687368126,,0.25961665782980753,"[0.025872939923646254, 0.023274994617015068, 0.034982647724211904, 0.1309821742122356, 0.036102618955355416, null, 0.04421930159419417, null, 0.05694865448080075, null, 0.3355154364391158, null, null, null, null, null, 0.7231243038637863, 0.7142677874483343, null, 0.11699740429118351]","[0.02923892036630147, 0.027817566923703303, 0.06116349423131936, 0.16718857477533544, 0.04524407687368126, null, 0.05913915046060858, null, 0.07033103502752376, null, 0.4350503794367836, null, null, null, null, null, 0.9433126961975505, 0.9198935958876218, null, 0.25961665782980753]"
P30,ood-st_chopped,turn_point,JAS21,minicube_210_45.75_15.05,JAS21/minicube_210_45.75_15.05.nc,ok,0.343433,112536,0.097644,0.096797,0.023594530391704196,0.024601662993313556,,0.02309500742510199,0.02480785237315992,,"[null, 0.025873561791911998, 0.0227504287070029, 0.08508484978451018, 0.023594530391704196, 0.03337532172122463, null, 0.02871686109947869, null, 0.024601662993313556, null, 1.885402088780809, 0.03005270336450391, 0.031134602579051877, 0.02911372384097923, null, null, 0.04528861034519054, null, null]","[null, 0.020548110106133517, 0.019889755125199953, 0.07551131188923155, 0.02309500742510199, 0.03785134401987795, null, 0.02518156214451228, null, 0.02480785237315992, null, 1.8730550807300694, 0.03176364430598261, 0.02954188674616612, 0.026951055560575792, null, null, 0.06569140517377822, null, null]"
P31,ood-st_chopped,typical,JAS22,minicube_82_41.75_-8.25,JAS22/minicube_82_41.75_-8.25.nc,ok,0.728986,238874,0.081863,0.075524,0.068550869281082,0.08901841916930262,0.09323902589886908,0.04721261265248568,0.08254553586431537,0.15513525382702914,"[null, 0.034418481243373975, 0.04504996146902112, 0.06412897567408864, 0.068550869281082, 0.09309990336930626, 0.09440354421097637, 0.08358605632010169, 0.09977513870390677, 0.08901841916930262, 0.11329840351263942, 0.11775624294200282, 0.13492804370679745, null, 0.07872352084307492, 0.07092625604332568, 0.063892388687076, 0.06053770389399912, 0.05641602610954945, 0.09323902589886908]","[null, 0.026116873585064232, 0.05829315312142802, 0.042141905791628735, 0.04721261265248568, 0.05038314795288729, 0.07195778134447854, 0.06905310012283283, 0.067508627212652, 0.08254553586431537, 0.0732745669004341, 0.07640103765187403, 0.08952234973458195, null, 0.17319088502534016, 0.07673330049015996, 0.07612052643831549, 0.0770438176358925, 0.07551567180360876, 0.15513525382702914]"
P32,ood-st_chopped,typical,MJJ22,minicube_4_37.25_-8.75,MJJ22/minicube_4_37.25_-8.75.nc,ok,0.322937,105820,0.157413,0.132235,0.12863526090142374,0.15750009971286172,0.17459957436352536,0.10567620381356649,0.1375192392783315,0.15405528751276,"[0.0590792756862354, 0.06993348778110545, null, null, 0.12863526090142374, null, 0.14403631594388505, 0.14899583659655327, null, 0.15750009971286172, null, 0.16918816665840222, null, 0.17435626662543138, 0.17433313685761698, 0.17693700015465855, 0.1917016806719373, 0.17842498013722716, 0.1851808607144431, 0.17459957436352536]","[0.04726452105731302, 0.04534410793066461, null, null, 0.10567620381356649, null, 0.12202977417129776, 0.12616792956211795, null, 0.1375192392783315, null, 0.14336073814551797, null, 0.14232427569803136, 0.14285805526722012, 0.14621020984567965, 0.1604502961146803, 0.14837176578172875, 0.1595494654007207, 0.15405528751276]"
P33,iid_chopped,high_change,JAS17,minicube_151_33TWE_40.62_16.18,JAS17/minicube_151_33TWE_40.62_16.18.nc,ok,0.677054,221857,0.08534448231199275,0.09865493627891786,0.07404951017073921,0.09652601430289462,0.7816791205578807,0.10694644487140671,0.11466175506547131,0.7880533504603389,"[0.04527552661771726, 0.05378530475964488, 0.0502816680245125, 0.08228467502344709, 0.07404951017073921, 0.06645223405782885, 0.07112879454439369, 0.07443716771315419, 0.08751489214191177, 0.09652601430289462, 0.09221424989833658, 0.10560393527879611, null, null, 0.09830686656105637, 0.11667786736939603, 0.11613297044027407, null, 0.1926475851366547, 0.7816791205578807]","[0.04283838637483335, 0.06624670588530875, 0.07389529262711077, 0.10802343104315017, 0.10694644487140671, 0.08249233370679597, 0.09647364024897352, 0.09962164622599448, 0.1108429071859473, 0.11466175506547131, 0.10784149540201436, 0.12690872377361131, null, null, 0.09513722226855185, 0.11198242407072051, 0.09535174035835839, null, 0.14583124192489352, 0.7880533504603389]"
P34,ood-st_chopped,high_change,MJJ21,minicube_54_39.25_-4.25,MJJ21/minicube_54_39.25_-4.25.nc,ok,0.781537,256094,0.12349761868152072,0.269655001952418,0.10595032526040812,0.15316395928902687,0.11039145378937688,0.2002663075533101,0.2849841251197314,0.32166168600932393,"[0.08771309581925271, null, 0.07614899510047463, 0.09207313731623858, 0.10595032526040812, 0.11386126776926338, 0.11673943577385903, 0.12884835311114295, 0.12231964347437206, 0.15316395928902687, 0.1401124196486085, 0.15233825363947606, 0.1505583250470998, 0.13795436609975983, 0.13776133948584438, 0.13408170124587981, 0.12613844012017358, 0.12269182995629585, 0.10898582012203231, 0.11039145378937688]","[0.07692148581443366, null, 0.08931034213407019, 0.12635428234319881, 0.2002663075533101, 0.2022105673963971, 0.23568924780636202, 0.2517128551272805, 0.26744822340100616, 0.2849841251197314, 0.2690308712845224, 0.2951151549491065, 0.30483434693424105, 0.2984749308292717, 0.3052687529249964, 0.31559542298298243, 0.31664014347383884, 0.3161087422331046, 0.3170498825625708, 0.32166168600932393]"
P35,iid_chopped,high_variance,MJJ19,minicube_6_29SQB_37.12_-5.86,MJJ19/minicube_6_29SQB_37.12_-5.86.nc,ok,0.752255,246499,0.18388551097566877,0.3181853351645035,0.154216856587447,0.19754376719505964,0.244856576168042,0.18530229698646342,0.3575389351597244,0.4361201110126255,"[0.07582805217726662, 0.08775124713421735, 0.12078476410964507, null, 0.154216856587447, 0.17421700784841723, 0.1783011871753466, 0.19079501812172678, 0.2114233815794526, 0.19754376719505964, 0.22713324174749827, 0.21701770863034225, 0.20931319268721796, 0.1423198546447128, 0.15929459344473199, 0.19774505258434513, 0.18400637031640207, 0.21919316296542243, 0.20329380588303889, 0.244856576168042]","[0.07834994312043626, 0.09623297202538529, 0.1316401767587343, null, 0.18530229698646342, 0.2151924749288105, 0.2451865720287337, 0.2701065425415321, 0.30047958062501107, 0.3575389351597244, 0.3471649501564903, 0.36477337196465626, 0.3776658634162655, 0.2861006729815092, 0.3842663249386569, 0.4267278753196602, 0.40956520949780356, 0.4027174807566066, 0.42011628417992, 0.4361201110126255]"
P36,ood-s_chopped,high_variance,SON17,minicube_93_42.25_-5.75,SON17/minicube_93_42.25_-5.75.nc,ok,0.613867,201152,0.14329513665776594,0.2640867763223775,0.15405388710347548,,,0.14165647245325513,,,"[0.10287544682679009, 0.1111135825779487, 0.07917982159492508, 0.1116193343556852, 0.15405388710347548, 0.15370496331290442, 0.14713885679376373, 0.1435367050375923, 0.11185018293978123, null, null, 0.13721122329822225, null, 0.16266855961080554, 0.1650792573051127, 0.16550258417289435, 0.1686967410526453, 0.16935996219093485, null, null]","[0.07648342915164616, 0.11563512674017355, 0.09265079896440624, 0.11718526814715391, 0.14165647245325513, 0.17263690681308297, 0.1960448409418471, 0.22580829574139002, 0.26712318489637976, null, null, 0.31725825582416384, null, 0.34828105986560765, 0.3532605722149472, 0.37117248084020266, 0.37942116241366186, 0.3846373019766253, null, null]"
P37,iid_chopped,high_variance,MAM19,minicube_121_32UNC_52.09_10.49,MAM19/minicube_121_32UNC_52.09_10.49.nc,ok,0.311969,102226,0.2279981829514263,0.23713472111667502,0.15465581604433162,0.21277793727474859,0.2179184687077998,0.06597091211586809,0.19758824827332053,0.3295674042599407,"[null, null, null, null, 0.15465581604433162, null, null, null, null, 0.21277793727474859, 0.24007437800397094, 0.2636862617221937, 0.22683601549389174, 0.2627740403863541, null, null, 0.2729833689371517, 0.34453229444947653, null, 0.2179184687077998]","[null, null, null, null, 0.06597091211586809, null, null, null, null, 0.19758824827332053, 0.226104934197922, 0.2785291012068224, 0.27210423973930553, 0.24186031937653912, null, null, 0.2042340716048174, 0.19335743845772288, null, 0.3295674042599407]"
P38,ood-t_chopped,high_change,MJJ21,minicube_13_29TPE_39.88_-7.17,MJJ21/minicube_13_29TPE_39.88_-7.17.nc,ok,0.739114,242193,0.16905461938555177,0.2435470498157217,,0.17542294610343148,0.19050008106851984,,0.2452058162507034,0.291491268342775,"[0.07095006372404239, null, 0.07851979273084556, 0.08055452959437208, null, 0.11043101447507439, 0.1323869538112064, 0.13550408734524344, 0.161954355727975, 0.17542294610343148, 0.17517371051221325, 0.18915855547861837, 0.20498100491496607, 0.19270677711027623, 0.2005824717787035, 0.1959099604800829, 0.2074264242380257, 0.18922584249145724, 0.1983315394139618, 0.19050008106851984]","[0.05233826673548556, null, 0.07718778982600251, 0.11420050825380544, null, 0.18208634401008678, 0.20195842082547386, 0.22940251380510468, 0.2332249288405182, 0.2452058162507034, 0.2433257120935131, 0.26552025000489315, 0.26153690334303115, 0.27077210309231253, 0.27791695631067703, 0.28895104395256344, 0.29119463664534806, 0.2884943777719953, 0.29041719813235195, 0.291491268342775]"
P39,iid_chopped,high_variance,MJJ17,minicube_170_33UXP_48.23_16.83,MJJ17/minicube_170_33UXP_48.23_16.83.nc,ok,0.279019,91429,0.24682728262237777,0.3767370681330955,,,0.2412487455450722,,,0.36380422240407734,"[null, null, null, null, null, null, null, null, 0.21987560589840266, null, 0.22836661588574708, null, 0.23969438884049768, 0.23986927907124586, 0.2539522741052303, null, 0.26507617979214293, null, 0.2670362269204821, 0.2412487455450722]","[null, null, null, null, null, null, null, null, 0.27969864571531367, null, 0.3100182436917035, null, 0.38607203946672136, 0.3855856058514448, 0.408489941571136, null, 0.40595989688861567, null, 0.3855163879035002, 0.36380422240407734]"
P40,iid_chopped,turn_point,JAS18,minicube_238_34TFT_47.29_22.46,JAS18/minicube_238_34TFT_47.29_22.46.nc,ok,0.631659,206982,0.1848426416107238,0.21512189104225035,0.11720334173603023,0.14755198021049584,0.14529741287315645,0.11907861204236904,0.12510129794225758,0.24686905506475693,"[null, 0.08578666452009255, 0.12018171891379203, 0.11491565388512613, 0.11720334173603023, 0.1351251218012968, 0.10777233291174025, 0.15525157577563717, 0.1541071421173517, 0.14755198021049584, 0.17056657850798226, 0.17663896016800498, 0.1513677811834227, 0.5551016482043397, 0.14194067834852275, 0.14204881825284124, 0.17992036049811777, 0.5368014500316448, 0.06254738313102076, 0.14529741287315645]","[null, 0.09766787206452207, 0.13137600123893406, 0.11970180464181066, 0.11907861204236904, 0.12550662998434436, 0.09606720436686578, 0.12614452491809286, 0.13310378355866218, 0.12510129794225758, 0.1380573450476821, 0.14964816824483557, 0.151797422149807, 0.7113402466044134, 0.181027071429425, 0.18252988717835344, 0.19555762116869568, 0.7277781913816262, 0.24785775953860217, 0.24686905506475693]"
P41,ood-s_chopped,high_variance,JAS17,minicube_248_46.25_17.05,JAS17/minicube_248_46.25_17.05.nc,ok,0.497556,163039,0.21693481838127832,0.26602513685268153,0.21101852539023283,0.06728595217793917,0.20038505109834215,0.3355610030874101,0.08935077029907182,0.2124373890911872,"[0.2816841459001355, 0.231913389160418, 0.24932825568636244, 0.24811894129422213, 0.21101852539023283, null, 0.21144316313466419, null, 0.15688966972626803, 0.06728595217793917, 0.17351763686950403, 0.16633420314545883, 0.1913580211755906, null, 0.20468975072112938, null, null, null, null, 0.20038505109834215]","[0.3382996477259763, 0.30300520569575745, 0.31620777719131443, 0.3128940257022961, 0.3355610030874101, null, 0.25430286886017894, null, 0.13368032588069348, 0.08935077029907182, 0.19223336403576385, 0.22660332703353547, 0.24209477878468733, null, 0.24129624966666421, null, null, null, null, 0.2124373890911872]"
P42,iid_chopped,high_change,MJJ19,minicube_23_30STJ_39.19_-5.73,MJJ19/minicube_23_30STJ_39.19_-5.73.nc,ok,0.837686,274493,0.07211381063245786,0.22959524166336834,0.07133646409282318,,0.07669454334422154,0.21309859077361867,,0.23951206469627914,"[0.04617450219064422, null, 0.07912003292233034, null, 0.07133646409282318, 0.06748310232416306, 0.07186121212191206, 0.06783152989703135, 0.07084174397515039, null, 0.07115593139763386, 0.07108632606990467, 0.07409987237537345, 0.07839705861054845, 0.07568526602571224, 0.07467669938466918, 0.07674207278714193, 0.0719582365272494, 0.07469719662612839, 0.07669454334422154]","[0.08258629527514927, null, 0.17429139385853987, null, 0.21309859077361867, 0.22396680856673842, 0.23328372671107933, 0.23480847183935075, 0.23888287221685653, null, 0.24307207395609634, 0.2460567521228806, 0.24717715482875718, 0.2496571479930976, 0.2499205592409737, 0.247086555826783, 0.2518601185956388, 0.23131528331314435, 0.2363481411074053, 0.23951206469627914]"
P43,ood-st_chopped,high_change,MJJ21,minicube_141_43.75_18.55,MJJ21/minicube_141_43.75_18.55.nc,ok,0.710953,232965,0.19273861059070183,0.3380080476771199,0.14912412303236372,0.17241199156522874,0.23269498306125894,0.30614372308649007,0.3484329104816318,0.3621798548276994,"[0.1999999715088303, 0.24964269834592662, null, null, 0.14912412303236372, 0.1855443823979102, 0.1908990374185482, 0.14359642225731808, null, 0.17241199156522874, 0.18145906402947196, 0.20419831912457212, 0.19674790004944143, 0.18471806876956817, 0.1674122982207351, null, 0.17355440944888423, 0.19529470086646145, 0.1872625696579858, 0.23269498306125894]","[0.26716173184128894, 0.328654271230333, null, null, 0.30614372308649007, 0.35553737171813615, 0.3544459996996267, 0.2982556165848548, null, 0.3484329104816318, 0.34997382570100255, 0.3639961503497312, 0.3550670425708202, 0.34658994681069666, 0.324341226920397, null, 0.3395155467276085, 0.34251322212770813, 0.32439594379515585, 0.3621798548276994]"
P44,iid_chopped,high_variance,JAS19,minicube_197_34SEJ_39.50_21.71,JAS19/minicube_197_34SEJ_39.50_21.71.nc,ok,0.896747,293846,0.1369335027905451,0.1961191093930559,0.1256768660717728,0.14168350278440855,0.1467628696822111,0.12995624047703036,0.1600602237702128,0.2864505852845482,"[0.0816102470238288, 0.11782800060026805, 0.11105711274525694, 0.10855611432483218, 0.1256768660717728, 0.14618656778785621, 0.1418515865858237, 0.16282815975342277, 0.15958160825172688, 0.14168350278440855, 0.1425680204884324, 0.1550594843758685, 0.14919889027690822, 0.13101002962382385, 0.13566670211365744, 0.13663101544064127, null, 0.13893465668231136, 0.14335576146484452, 0.1467628696822111]","[0.08682774015931888, 0.1409291810866314, 0.13813831747165345, 0.13122559690736912, 0.12995624047703036, 0.14188147194544795, 0.15528681535851405, 0.1748371503276344, 0.17182155033152718, 0.1600602237702128, 0.17280746779246364, 0.19909628310117708, 0.21881789452351075, 0.23222967164416208, 0.24657135784057937, 0.24720382760209275, null, 0.2635133554504905, 0.27586962046289903, 0.2864505852845482]"
P45,ood-t_chopped,high_variance,MJJ21,minicube_228_34TFL_40.92_22.43,MJJ21/minicube_228_34TFL_40.92_22.43.nc,ok,0.711444,233126,0.19199891644232475,0.3190070993472599,0.19818362902002432,0.14014020023498724,0.1864975400078633,0.3199821409376786,0.2475276793886967,0.2707954901052269,"[0.16638851640857935, 0.22535356755479513, 0.2305319188773786, 0.22106249498885872, 0.19818362902002432, null, 0.19459488339040018, 0.19517390789765235, null, 0.14014020023498724, 0.15024676199719292, 0.17544128852044044, 0.177936492994172, 0.17495128886176983, 0.17304872542240837, 0.17167761514264684, 0.18939288043766206, 0.18898659064115866, 0.19817394812912179, 0.1864975400078633]","[0.2621602259901949, 0.3350711042924744, 0.3298451790116137, 0.3372104725308788, 0.3199821409376786, null, 0.3286207838455241, 0.33253013660714453, null, 0.2475276793886967, 0.2891677849305296, 0.32251534221477973, 0.32666892147153853, 0.32241441511734575, 0.3113496023773819, 0.30547292786126634, 0.3232064477457895, 0.3017081294297613, 0.30263646356474794, 0.2707954901052269]"
P46,iid_chopped,turn_point,SON18,minicube_9_29TNE_40.49_-7.88,SON18/minicube_9_29TNE_40.49_-7.88.nc,ok,0.580954,190367,0.0916312501759545,0.12134474789461668,0.08027805284545453,0.07220620574819486,0.12757081698199504,0.08404333159096795,0.0825934656111982,0.23167906657465873,"[0.06473032381691476, 0.05032360359207196, 0.07186173357303419, 0.05646446932924052, 0.08027805284545453, 0.05516841454587417, 0.10318014974356055, 0.08288464345189239, null, 0.07220620574819486, 0.11629071524175714, 0.09884211685108694, null, null, 0.6254187756453882, 0.1176490285597609, 0.1225691083353368, 0.11298300963237116, null, 0.12757081698199504]","[0.06979741675221071, 0.049701313917263935, 0.07422305430598417, 0.058646764175299626, 0.08404333159096795, 0.05669092339691484, 0.10310279680244461, 0.07717089724988513, null, 0.0825934656111982, 0.13582807063943483, 0.12450228371642445, null, null, 0.5756022899210271, 0.18875866019092366, 0.20428883836395711, 0.17149777205085384, null, 0.23167906657465873]"
P47,ood-t_chopped,high_variance,JAS21,minicube_159_33TYM_46.57_18.14,JAS21/minicube_159_33TYM_46.57_18.14.nc,ok,0.454535,148942,0.10667711974369234,0.17299526196095122,0.07264198891406183,,,0.13658005131897688,,,"[0.03718574012980183, 0.0547692966819827, 0.16079241614196066, null, 0.07264198891406183, 0.0741258407337968, 0.11558681240749574, 0.09305396376975386, 0.0857954038255942, null, null, null, 0.09592171211911309, 0.12364378981951768, 0.11666947952919413, null, 0.11488453071811563, 0.1175513101966851, 0.11996899286905066, null]","[0.05980183412170103, 0.08939961737856972, 0.2106090863670217, null, 0.13658005131897688, 0.08422766869303272, 0.1201525409705867, 0.14248276067671606, 0.13101020275614075, null, null, null, 0.08136302095865176, 0.20037716404269296, 0.19605579616448068, null, 0.19734297554095656, 0.3092291657160098, 0.23439420073998493, null]"
P48,ood-s_chopped,seasonal_trend,MAM18,minicube_633_53.25_13.55,MAM18/minicube_633_53.25_13.55.nc,ok,0.553021,181214,0.1691674545292769,0.2845422742509511,0.12175900237958764,0.15448048213424992,0.12673280362205136,0.07570906162379595,0.1978055258103145,0.3211287744690707,"[null, null, null, null, 0.12175900237958764, null, null, 0.15573866975422415, null, 0.15448048213424992, null, 0.17962515370810686, 0.1922868626737235, 0.19409258924330425, 0.19704790453789775, 0.1880760559992523, 0.18188740453900548, 0.16278893944628833, 0.14059198414060364, 0.12673280362205136]","[null, null, null, null, 0.07570906162379595, null, null, 0.09076712841993985, null, 0.1978055258103145, null, 0.2841695621018821, 0.3014640924381548, 0.30318128073765643, 0.3061462387495168, 0.3345531694425596, 0.34303115601834366, 0.33231799589845956, 0.30899077295616956, 0.3211287744690707]"
P49,iid_chopped,high_change,MJJ19,minicube_142_33SXD_39.00_16.86,MJJ19/minicube_142_33SXD_39.00_16.86.nc,ok,0.57233,187541,0.16982948722688335,0.31975352754166925,,0.18420003108648947,0.16645078498460344,,0.3423881342146945,0.3800371151586775,"[0.07859647119754384, 0.09411288969623685, 0.10637114588580227, 0.1345865006048094, null, 0.19919770880069745, 0.18949171098203713, 0.19514825039999972, 0.19563004555545577, 0.18420003108648947, 0.1712917712790235, 0.1679939598171414, 0.16795226709790126, 0.16291378064236473, 0.2107659955220876, 0.17740650817562778, 0.18017567272954782, 0.18044250700467312, 0.17529352154986427, 0.16645078498460344]","[0.07873669957931292, 0.09775173556925167, 0.10970860608069515, 0.14608787989914576, null, 0.22892809262583347, 0.24943579729824789, 0.29071466780112337, 0.3250298916965367, 0.3423881342146945, 0.3795169396425948, 0.359292278410875, 0.36193569632232503, 0.36516533625381026, 0.46629373218781084, 0.289618499139533, 0.37975096665822455, 0.38325855993064323, 0.3858867958896533, 0.3800371151586775]"
P50,ood-s_chopped,turn_point,MAM19,minicube_65_39.75_9.55,MAM19/minicube_65_39.75_9.55.nc,ok,0.321643,105396,0.10094202985512679,0.09522941805958116,0.04792578254153771,0.16804663058893357,,0.044526428927614194,0.16118646139095885,,"[null, 0.0395329717388001, 0.11671373041560336, null, 0.04792578254153771, 0.04490164449394402, null, null, 0.07868629205218351, 0.16804663058893357, null, 0.08911101832609111, null, 0.1468968154545928, 0.12224875911403058, 0.06982801820719024, 0.21591438730808193, 0.14598726956156183, 0.10294797647901752, null]","[null, 0.024864233787315337, 0.10004773782191839, null, 0.044526428927614194, 0.0431139230191457, null, null, 0.0728935528015693, 0.16118646139095885, null, 0.08298362424235638, null, 0.14734221757396582, 0.08718940904971452, 0.06566988255185666, 0.20459392910873087, 0.12896214366763845, 0.09400006977414374, null]"
P51,ood-t_chopped,turn_point,MJJ22,minicube_226_34TET_46.98_21.74,MJJ22/minicube_226_34TET_46.98_21.74.nc,ok,0.556174,182247,0.12181077740436823,0.2785699587494171,,0.1656365946719433,,,0.32205417217338983,,"[0.0271619885035588, 0.034684266560349536, 0.047857227825617445, 0.06310238680761178, null, null, 0.14672547727202698, 0.15321040010865536, 0.16323633831026801, 0.1656365946719433, null, 0.11788260463767224, 0.10803392622035182, 0.11184397097024694, 0.10478019771966905, null, 0.11767709272133574, null, 0.1516819621545279, null]","[0.029784405986626555, 0.0380333641815197, 0.057617714366246985, 0.08218857674630133, null, null, 0.1733753627420451, 0.20742938294747543, 0.27754058713536334, 0.32205417217338983, null, 0.33769775882624836, 0.35386442018541375, 0.33382326101368054, 0.3575493047410662, null, 0.3314038755639827, null, 0.3348556073177785, null]"
P52,iid_chopped,turn_point,JAS19,minicube_155_33TXN_47.56_16.91,JAS19/minicube_155_33TXN_47.56_16.91.nc,ok,0.545712,178819,0.06968796960393785,0.06865823657119521,0.06470352705948638,0.0583202416170352,0.12910199095914382,0.0768984061720085,0.05251905082015527,0.100723570913476,"[0.04659667733672299, 0.057395451531569296, 0.05159910056035205, 0.05627262309237368, 0.06470352705948638, 0.05084549504799909, 0.06442317557205618, 0.05348406413156461, 0.07528818026826678, 0.0583202416170352, null, null, 0.062229820151110025, 0.1014921367882676, 0.052790217010546286, 0.08127779181149665, null, null, null, 0.12910199095914382]","[0.03949461579926241, 0.07218747925637989, 0.05586455828544956, 0.05829236993355537, 0.0768984061720085, 0.06080081861611435, 0.06561119021142345, 0.04837284874608787, 0.08022998429129598, 0.05251905082015527, null, null, 0.06500949914664152, 0.056090884755687694, 0.05465744536218026, 0.09392942468784671, null, null, null, 0.100723570913476]"
P53,iid_chopped,seasonal_trend,MJJ18,minicube_66_31TCN_47.02_1.44,MJJ18/minicube_66_31TCN_47.02_1.44.nc,ok,0.538889,176583,0.17618707453733698,0.2815946259990687,0.19049484132008163,0.18709513056451194,0.19189515270800955,0.11597765911245549,0.20475711070794406,0.46188575403429516,"[null, 0.09030323028421225, 0.1467890697561236, 0.11942047999761118, 0.19049484132008163, 0.20973471037622393, 0.21053266276939905, null, 0.22735750028519103, 0.18709513056451194, 0.20671791158504182, 0.16578548994538497, 0.1719027422967244, null, 0.2180518301435605, 0.20499759503219522, 0.17348714128092624, 0.18547966504328003, 0.13935743625970606, 0.19189515270800955]","[null, 0.07828392441794671, 0.11337979273087256, 0.09596154145421051, 0.11597765911245549, 0.11232240064954323, 0.12675800907952428, null, 0.19802841690990713, 0.20475711070794406, 0.2778484911904357, 0.3403798506265497, 0.38641899007728236, null, 0.47818894919898136, 0.4967316539180128, 0.48912467261061304, 0.44287783797013897, 0.510991023064958, 0.46188575403429516]"
P54,ood-s_chopped,high_variance,JAS18,minicube_722_54.25_21.05,JAS18/minicube_722_54.25_21.05.nc,ok,0.448712,147034,0.1494310665096401,0.30349840305823717,0.15161722993464116,0.13947006517392074,,0.3208969664257688,0.32175083213810596,,"[0.07976442590588316, 0.10373421953788677, null, 0.15524942909303774, 0.15161722993464116, 0.14778005859207763, 0.13224470170417887, 0.1512469312597666, 0.151175337104631, 0.13947006517392074, 0.18154795119792613, null, 0.17959684051218006, 0.1680708388692147, 0.09492528568663423, null, 0.18979263820461909, null, 0.16856081202348303, null]","[0.13207190236658517, 0.23895417775239863, null, 0.39526672995042156, 0.3208969664257688, 0.2102589967551358, 0.32454204789060803, 0.3369930976992842, 0.31263378160483285, 0.32175083213810596, 0.33068528726841157, null, 0.29713446371935703, 0.31440139985181853, 0.2578777586245032, null, 0.3292650812759682, null, 0.21950064178411197, null]"
P55,ood-t_chopped,seasonal_trend,MAM21,minicube_114_32TQP_43.53_11.82,MAM21/minicube_114_32TQP_43.53_11.82.nc,ok,0.593195,194378,0.15700234813087105,0.17999956832638458,0.11082790494409088,,0.16376741637011083,0.06763388221817061,,0.24650757840869095,"[0.050455347019437345, 0.1206462860060276, null, 0.1722277014890449, 0.11082790494409088, 0.1711222415379567, 0.16771541146932584, 0.1856735465016942, null, null, 0.19596326165180364, 0.19494958076577848, null, null, 0.13979801093702313, 0.13330222633667982, 0.13786951749814091, 0.145811321009829, 0.15468179355793046, 0.16376741637011083]","[0.041731218242027586, 0.09834004180982424, null, 0.13014203843034391, 0.06763388221817061, 0.10883177453735421, 0.1216819219601744, 0.13105916172135298, null, null, 0.13891513889590518, 0.14210213812050573, null, null, 0.22027685555940937, 0.2148175431572406, 0.2447432691982215, 0.24349844253780012, 0.24731938311048218, 0.24650757840869095]"
P56,ood-s_chopped,high_change,MAM18,minicube_508_51.25_20.55,MAM18/minicube_508_51.25_20.55.nc,ok,0.473746,155237,0.5353916189177517,0.7507897515939679,,0.4575379645334205,0.6137468689472892,,0.632011247789182,0.8423955090974988,"[0.4812275541360163, null, null, null, null, null, null, 0.3524060093908453, 0.4320885327979603, 0.4575379645334205, 0.5258361813461391, 0.4988593100697385, 0.5517101433142684, 0.5606261050483892, 0.61971379657238, 0.5723077398752955, 0.5760149490836469, 0.4674352312091439, 0.5855109113076331, 0.6137468689472892]","[0.5185178927179023, null, null, null, null, null, null, 0.5068946451538641, 0.5946992674151498, 0.632011247789182, 0.7185648115933448, 0.699553751154805, 0.773793522946453, 0.7881007754605336, 0.8287795217854339, 0.7945712666470847, 0.8324815276670886, 0.7260661879619686, 0.8427295500936626, 0.8423955090974988]"
P57,iid_chopped,turn_point,JAS17,minicube_71_31TDH_42.92_2.56,JAS17/minicube_71_31TDH_42.92_2.56.nc,ok,0.511328,167552,0.06613915403628817,0.07085047704983502,0.06913142204636684,,0.06057679602291807,0.05982840811925762,,0.07617904377797301,"[0.05132850321911974, 0.07892893811247692, 0.054991508675656664, 0.10665305928747601, 0.06913142204636684, null, 0.056784041863692736, null, 0.05109405153153079, null, 0.07646404651321087, 0.08221613579703477, null, 0.0808410050572467, 0.058549076960015066, null, 0.07043586984544324, null, 0.26358585087171754, 0.06057679602291807]","[0.05311140598425609, 0.07888612430942013, 0.062103900511506514, 0.10365122435461059, 0.05982840811925762, null, 0.06902538108246446, null, 0.05851643617804221, null, 0.08491377457321235, 0.08883040218012081, null, 0.08531206522968326, 0.06305861538169952, null, 0.052717288774965364, null, 0.22227767321930766, 0.07617904377797301]"
P58,ood-t_chopped,high_variance,JAS21,minicube_100_32TPP_43.28_10.58,JAS21/minicube_100_32TPP_43.28_10.58.nc,ok,0.676489,221672,0.10428838146566068,0.07746433458194797,0.08313778063721315,0.10567161675760237,0.10308866588018968,0.0669880758382738,0.07896847381398749,0.08605632629265786,"[0.05564773282714721, 0.06342821295681257, 0.07717665737045688, null, 0.08313778063721315, null, 0.09115014898188646, 0.12363821608576804, 0.10530996982041776, 0.10567161675760237, 0.11032032697006142, 0.11949093207098521, 0.13725221108097016, 0.12967859718987115, null, null, 0.12500441015834796, null, 0.11259543823982221, 0.10308866588018968]","[0.052006319317024534, 0.0543680982823919, 0.06222159245185973, null, 0.0669880758382738, null, 0.07052662423243378, 0.09162116730474645, 0.07553954333440228, 0.07896847381398749, 0.08212267943096482, 0.08616980877606413, 0.09012918424187542, 0.08562005442520873, null, null, 0.08980732795947506, null, 0.08789971153462034, 0.08605632629265786]"
P59,iid_chopped,turn_point,SON19,minicube_234_34TFP_43.81_23.48,SON19/minicube_234_34TFP_43.81_23.48.nc,ok,0.497839,163132,0.10509108086094746,0.10471974355406634,0.08263765843353943,0.11404042257217878,,0.08598550795063899,0.1115624044367774,,"[0.05355916232752105, 0.047680630767700495, 0.06933205228211367, 0.0795552097205166, 0.08263765843353943, null, 0.10120706430318237, null, 0.11277975226944509, 0.11404042257217878, 0.14479767024157197, 0.43460138690799227, null, 0.12811963286809563, null, null, null, null, null, null]","[0.045318839764397545, 0.04418415470234112, 0.06490090964515784, 0.07437952798843848, 0.08598550795063899, null, 0.09876959820473312, null, 0.10620969953519845, 0.1115624044367774, 0.14433800571676056, 0.45744508926874794, null, 0.13641125722552838, null, null, null, null, null, null]"
P60,ood-s_chopped,low_coverage,MJJ17,minicube_440_50.25_10.55,MJJ17/minicube_440_50.25_10.55.nc,ok,0.206052,67519,0.20804364162425004,0.3188599614930725,,0.18692163514069712,0.22092007980540956,,0.2703018207204396,0.3441995323567195,"[null, 0.08164498332011326, null, null, null, null, null, null, null, 0.18692163514069712, null, null, 0.17260975521926863, null, 0.2882495119834076, 0.2442930613859481, null, 0.27989857881849317, null, 0.22092007980540956]","[null, 0.12209156329128884, null, null, null, null, null, null, null, 0.2703018207204396, null, null, 0.2992912785938699, null, 0.36179018670686003, 0.3753436463115131, null, 0.3934158883133857, null, 0.3441995323567195]"
