item_id,kind,name,source_path,identity,status,deliverable_path,notes,evidence_role,presentation_order,question,conclusion,caption
T1,table,标准预测主表（C1 3 seed × 4 split + 同协议基线）,/data/zs/multiseed_standard_eval_20260910T074115Z/E1_table_delivery,C1 seeds 27/42/97; baselines A08 同协议,completed_reusable,tables/Table1_standard_prediction.md,已由阶段①ACCEDPTED；4 条 caveat 见 E1_ACCEPTANCE.md,core_foundation,1,同协议标准预测下 TerraState-C1 处于什么水平？,官方 LC-balanced 指标（三 seed × 四 split）与同协议重评基线并排；C1 具备竞争力，但并非每项最优,Table 1. GreenEarthNet 第一数据集标准预测（LC-balanced；均值±样本std，n=3）
T3,table,训练机制比较（C0R vs C1，四卡正式配对）,/data/zs/WorldModel2026/terrastate/ops/candidate_c_nightly/20260820T155316Z/formal,parent=a5d2a0cc28ad7c01… seed=42 world=4,completed_reusable,tables/Table3_training_mechanism.md,"C0R 标准预测为本轮补测；已完成 split=['iid_chopped', 'ood-s_chopped_repaired_v2', 'ood-st_chopped', 'ood-t_chopped']",core_cost,2,递归分段端点训练相对直接端点训练的代价与收益分别是什么？,两臂同 parent / seed / 步数配对；标准预测上 C0R 的 R²_LC 四 split 一致略高（+0.0026~+0.0049），但九个留出分段的组合稳定性只有 C1 全部落在 1.05 MSE 比值门内,Table 3. C0R vs C1 训练机制比较（身份、标准预测、分段稳定性）
T4A,table,状态承载 full vs alpha0/T_identity,/data/zs/WorldModel2026/terrastate/evaluations/candidate_c_q1q2q3_20260830T072737Z,C1 seed42,completed_reusable,tables/Table4A_state_load_bearing.md,点估计与配对 CI 均来自同一 paired 集合,core,4,显式动态状态是否真的被使用？,去掉 T 贡献或把转移换成恒等都会退化；配对 ΔR² 的 95% CI 不含 0（四 split）,Table 4A. 状态承载（full vs alpha0 / T_identity）
T4B,table,中间状态替换（corrected-mask matched-donor）,/data/zs/terrastate_tip_runs/parallel_eval_20260908T075534Z/corrected_mask_recompute_20260910T071500Z/merged,C1 seed42,completed_reusable,tables/Table4B_state_intervention_corrected.md,本轮重算为三口径自洽：receiver 等权点估计与原 v8 表逐位一致,core_headline,4,把中间状态替换为匹配 donor 的状态，是否会损害后续预测质量？,主口径 receiver 等权：完整后缀四 split 点估计全部为正、CI 下界全部 > 0；单终点 h10 上 OOD-st 的 receiver 等权 CI 下界 > 0，而同一 split 的地理组等权 CI 跨 0,Table 4B. 中间状态替换（主口径 receiver 等权 + 两种敏感性口径）
T5,table,天气条件作用（热旱子集 + 匹配正常对照）,/data/zs/WorldModel2026/terrastate/evaluations/candidate_c_q1q2q3_20260830T072737Z/q3/extreme_state_audit.json,"C1；n_extreme=84, n_control=45",completed_reusable,tables/Table5_weather_response.md,只覆盖冻结热旱子集；总体/分层与代表模型本轮未做,supporting,5,模型是否真实使用天气输入？响应幅度与损失收益分别如何？,ΔLoss 两个比较均为正且 CI 不含 0；热旱相对正常的**响应幅度**差在 mean 替换下显著，而**损失收益**差在 donor 替换下不显著,Table 5. 天气条件作用（冻结热旱子集 + 匹配正常对照）
T6A,table,留出分段组合稳定性（9 分段）,/data/zs/terrastate_tip_runs/parallel_eval_20260908T075534Z/reports/leaveout_q4_formal_*,C1 seed42,completed_reusable,tables/Table6A_leaveout_partitions.md,IID2856 确认集与 dev476 开发诊断分开,core,3,任意留出分段组合是否稳定？,IID2856 确认集与 dev476 开发诊断分开报告；九个留出分段的 composed/direct 比值在容差内,Table 6A. 留出分段的组合稳定性（九分段）
T6B,table,共同后缀与状态功能（四 split）,/data/zs/terrastate_tip_runs/parallel_eval_20260908T075534Z/evidence_v8_corrected_mask_20260910T074500Z,C1 seed42,completed_reusable,tables/Table6B_common_suffix.md,D20/A/B/donor；非逐步递归,core_headline,3,中间状态在不同推进路径下能否接续预测未来影像？,D20/A/B/donor 使用同一段后续天气与同一读出时刻；四个 split 的 pooled RMSE 与 pooled R² 完整给出,Table 6B. 共同后缀与状态功能（corrected-mask，四 split）
T7,table,效率与状态复用成本,/data/zs/terrastate_tip_runs/parallel_eval_20260908T075534Z/fixedstep_r_20260910T110000Z/eval/efficiency.json + /data/zs/WorldModel2026/terrastate/ops/.../summary.json,C0R/C1 四卡正式,completed_reusable,tables/Table7_efficiency_state_reuse.md,训练墙钟/参数为历史记录；C1 运行时为本轮新增测量（受限条件）,supporting,6,训练成本与状态复用的运行成本各是多少？,训练墙钟为历史记录；运行时按阶段测量（history / prefix / suffix / model_hash / save / restore / 传输），成本随查询数 B 变化，不报单一倍率,Table 7. 效率与状态复用成本（分阶段，受限测量）
F1,figure,科学问题示意图,旧设计图 2026-07-29,—,missing_this_round,figures/FIG1_FIG2_DRAWING_SPEC.md,仅交付绘图说明；旧图未经本轮代码核对,pending,,科学问题示意,只交付绘图说明；最终图未绘制,Fig. 1（待绘制）科学问题示意图
F2,figure,方法/架构图,旧设计图 2026-07-29,—,missing_this_round,figures/FIG1_FIG2_DRAWING_SPEC.md,同上,pending,,方法与架构示意,只交付绘图说明；最终图未绘制,Fig. 2（待绘制）方法/架构示意图
F3,figure,GreenEarthNet 定性预测,first_dataset_tables_figures/figures/F3,C1 seed42 + Persistence,completed_reusable,figures/Fig3_greenearthnet_qualitative/,缺 Contextformer/PredRNN 行；typical 样例 t+20 无有效 GT,supporting,1,预测在真实样例上表现如何？,定性样例；缺 Contextformer / PredRNN 行，typical 样例 t+20 无有效 GT,Fig. 3. GreenEarthNet 定性预测（复用）
F4,figure,第二数据集定性,—,—,deferred,—,第二数据集本轮延期,deferred,,第二数据集定性样例,本轮延期，留空,Fig. 4（延期）第二数据集定性
F5,figure,分窗预测误差（4 个 5 步窗口，3 seed）,/data/zs/multiseed_standard_eval_20260910T074115Z/per_seed_metrics.csv,C1 seeds 27/42/97,completed_reusable,figures/Fig5_window_rmse_3seed.png,本轮新绘；官方分窗指标，非 20 个逐时距点，未插值,supporting,1,误差在四个 5 步窗口内如何分布？,官方分窗指标，三 seed 齐全，n=3 样本标准差，不插值,Fig. 5. 分窗预测误差（4 个 5 步窗口，三 seed）
F6,figure,分段造成的退化,first_dataset_tables_figures/tables/mechanism,C1 seed42,completed_reusable,figures/Fig6_partition_degradation.png,复用,supporting,2,分段造成的退化有多大？,复用历史图件（未重绘）,Fig. 6. 分段造成的退化（复用）
F7,figure,共同后缀与状态替换（四 split）,/data/zs/terrastate_tip_runs/parallel_eval_20260908T075534Z/evidence_v8_corrected_mask_20260910T074500Z,C1 seed42,completed_reusable,figures/Fig7_*.png,复用四 split 图,supporting,3,共同后缀与状态替换在四个 split 上是什么形态？,复用四 split 图件（未重绘）,Fig. 7. 共同后缀与状态替换（四 split，复用）
F8,figure,天气条件响应,first_dataset_tables_figures/figures/F8,C1 seed42,completed_reusable,figures/Fig8_weather_response/,复用,supporting,5,天气替换如何改变轨迹与终点？,复用历史图件（未重绘）,Fig. 8. 天气条件响应（复用）
F9,figure,状态复用代价与收益,本轮 C1 运行时测量,C1 seed42,limited,figures/Fig9_state_reuse_cost.png,受限测量；报告复用/重编码与分支成本，并标注测量条件，不声称通用更快,supporting,6,状态复用的成本结构是什么？,分阶段成本与随 B 变化的比值；受限测量,Fig. 9. 状态复用成本（本轮新绘）
FSR-history,registration,TerraState 固定五索引步端点训练变体（历史注册）,/data/zs/terrastate_tip_runs/parallel_eval_20260908T075534Z/fixedstep_r_20260910T110000Z/reports/FIXEDSTEP_R_REPORT.md,arm=FSR factual_path=fixed_step seed=42 step=14880,registered_only_not_used,/data/zs/terrastate_tip_runs/parallel_eval_20260908T075534Z/fixedstep_r_20260910T110000Z/reports/FIXEDSTEP_R_REPORT.md,按最新决策仅登记：本轮不纳入 Table 3、不新增分析/推理/图表。已知统计问题：训练调用数(9 vs 8.005)是端点分支调用数、不是 FLOPs，也不是查询效率；不得据此声称随机分段不可替代,registered_only,,（历史登记项）,仅登记路径与已知统计问题；不进入 Table 3、不新增分析,—
D2,dataset,第二数据集（EarthNet2023-Africa 候选）,—,—,deferred,—,本轮明确延期；Table 2 / Fig.4 留空,deferred,,（延期项）,第二数据集本轮不开展,—
