archive_path	source_path_or_uri	source_commit_or_version	sha256	role	evidence_layer	copy_status	reason_selected
00_START_HERE/AAA_MD_SEARCH_RESULT.md	generated_in_curated_archive	n/a	cf7303a2d7ccfee3a9834fc07dc8ffe1203326f5a5f7c603660800d7307b28b3	navigation_or_audit	CURATION_META	GENERATED	curation navigation, validation, provenance, or derived index
00_START_HERE/CODE_SNAPSHOT_VERIFICATION.tsv	generated_in_curated_archive	n/a	8e5413eb1dc58f724e078c2cb0e9c26a34927b1fad250e13d36caa37b23d941e	navigation_or_audit	CURATION_META	GENERATED	curation navigation, validation, provenance, or derived index
00_START_HERE/CONTINUATION_NARRATIVE.md	generated_in_curated_archive	n/a	00224ef3266a75c442cf08007f3d7fb0406f859e4a963994332bc773f26c62ae	navigation_or_audit	CURATION_META	GENERATED	curation navigation, validation, provenance, or derived index
00_START_HERE/CURATION_REPORT.md	generated_in_curated_archive	n/a	6ec36beb9beb8b3fe5bdf4ec5f435b0c3cb61348f07e77b55774fecc97440c1f	navigation_or_audit	CURATION_META	GENERATED	curation navigation, validation, provenance, or derived index
00_START_HERE/EXCLUDED_BY_DESIGN.md	generated_in_curated_archive	n/a	bcf1aa9a2fc43b0bf363b71e9f408df439c78a2ead8e0aec8fbbf4196ea285b9	navigation_or_audit	CURATION_META	GENERATED	curation navigation, validation, provenance, or derived index
00_START_HERE/FINAL_ARCHIVE_QA.md	generated_in_curated_archive	n/a	9f181545c9dd66952b2c9be51c611fea1a5d2490015eeb799019f530e37384e3	navigation_or_audit	CURATION_META	GENERATED	curation navigation, validation, provenance, or derived index
00_START_HERE/IMPORT_VALIDATION.txt	generated_in_curated_archive	n/a	fce0c95ec0ae61e860a5254e474d0198bad9b0907016c0cd59830347c250f230	navigation_or_audit	CURATION_META	GENERATED	curation navigation, validation, provenance, or derived index
00_START_HERE/RESULT_TRUTH_AND_LIMITATIONS.md	generated_in_curated_archive	n/a	9e0ddb988d3035b22de59c8074f4dce477273f5e3d63aa2904e89eb438acdee9	navigation_or_audit	CURATION_META	GENERATED	curation navigation, validation, provenance, or derived index
00_START_HERE/RUN_FROM_ARCHIVE.md	generated_in_curated_archive	n/a	2db638b48ce6a78c64061ba99c577b9f0792a8ce4ad088d16423a7282c6fede6	navigation_or_audit	CURATION_META	GENERATED	curation navigation, validation, provenance, or derived index
00_START_HERE/SOURCE_PROVENANCE.md	generated_in_curated_archive	n/a	3ba7e3dcd5ba462b185b6a219534f78706ca51f667a5c1bc67ee7fba068c970a	navigation_or_audit	CURATION_META	GENERATED	curation navigation, validation, provenance, or derived index
00_START_HERE/STAGE1_TO_1_5_MAP.md	generated_in_curated_archive	n/a	39a134200b5cbeea8a4a386424bfa0b4f321a877d7d9a6f7c03676ef0187c208	navigation_or_audit	CURATION_META	GENERATED	curation navigation, validation, provenance, or derived index
00_START_HERE/TEST_VALIDATION.txt	generated_in_curated_archive	n/a	a72019b9dc0f879fe9115904c5deecc525b193c8c1e0d03db2ad6c596b8a5396	navigation_or_audit	CURATION_META	GENERATED	curation navigation, validation, provenance, or derived index
01_CODE_SNAPSHOT/ENVIRONMENT.md	WorldModel2026/ENVIRONMENT.md	bbdd4dc29b0bacfd7af4a143ee7987d97c0b330d	7942e336762680a3b84fc209e3e77b981eec0e24109e1da30c9e5207f8f43465	stage1_1_5_code	STAGE1_TO_STAGE1_5	COMMIT_EXACT	file selected from and validated against the named git commit
01_CODE_SNAPSHOT/README.md	WorldModel2026/README.md	bbdd4dc29b0bacfd7af4a143ee7987d97c0b330d	6987324d507250cb537e8c7deea487870ec74be0187dedb4f52198bb95bc45d1	stage1_1_5_code	STAGE1_TO_STAGE1_5	COMMIT_EXACT	file selected from and validated against the named git commit
01_CODE_SNAPSHOT/data/datamodules/ssl4eo_dm.py	WorldModel2026/data/datamodules/ssl4eo_dm.py	bbdd4dc29b0bacfd7af4a143ee7987d97c0b330d	19c575ab32097650126203c7d61b57e9d6e2afdabde4aa9ed8cdafb3e011841d	stage1_1_5_code	STAGE1_TO_STAGE1_5	COMMIT_EXACT	file selected from and validated against the named git commit
01_CODE_SNAPSHOT/data/datasets/ssl4eo.py	WorldModel2026/data/datasets/ssl4eo.py	bbdd4dc29b0bacfd7af4a143ee7987d97c0b330d	15996e8f81e0e54cd92b50af80156e91dec8c795284d18509c02e8d0e1a06ddb	stage1_1_5_code	STAGE1_TO_STAGE1_5	COMMIT_EXACT	file selected from and validated against the named git commit
01_CODE_SNAPSHOT/data/datasets/ssl4eo_dual.py	WorldModel2026/data/datasets/ssl4eo_dual.py	bbdd4dc29b0bacfd7af4a143ee7987d97c0b330d	7bba8fcbedbfbcdeec880cd02246b7b1ba3a59403a8351d88c7d4ce21d4a26e8	stage1_1_5_code	STAGE1_TO_STAGE1_5	COMMIT_EXACT	file selected from and validated against the named git commit
01_CODE_SNAPSHOT/data/datasets/ssl4eo_simple.py	WorldModel2026/data/datasets/ssl4eo_simple.py	bbdd4dc29b0bacfd7af4a143ee7987d97c0b330d	a328dbe6bf0515efce464f98ecdd8719a3bba61f36438e48e7b620100e0e5a82	stage1_1_5_code	STAGE1_TO_STAGE1_5	COMMIT_EXACT	file selected from and validated against the named git commit
01_CODE_SNAPSHOT/data/phi_loader.py	WorldModel2026/data/phi_loader.py	bbdd4dc29b0bacfd7af4a143ee7987d97c0b330d	1990d78cc5feda8c8a5589ac503039725e4aa81db4730464e1ac91081b8f647a	stage1_1_5_code	STAGE1_TO_STAGE1_5	COMMIT_EXACT	file selected from and validated against the named git commit
01_CODE_SNAPSHOT/data/phi_utils.py	WorldModel2026/data/phi_utils.py	bbdd4dc29b0bacfd7af4a143ee7987d97c0b330d	260c101c951b7533e08d4ccb953ed3104aab8ec3c421c3bf1849850908f7183e	stage1_1_5_code	STAGE1_TO_STAGE1_5	COMMIT_EXACT	file selected from and validated against the named git commit
01_CODE_SNAPSHOT/environment.worldmodel.yml	WorldModel2026/environment.worldmodel.yml	bbdd4dc29b0bacfd7af4a143ee7987d97c0b330d	9a3063bb9c84d24812716b865dfaa3ef943b9e3346262e573b63c4738612ce38	stage1_1_5_code	STAGE1_TO_STAGE1_5	COMMIT_EXACT	file selected from and validated against the named git commit
01_CODE_SNAPSHOT/models/decoders/dual_head_decoder.py	WorldModel2026/models/decoders/dual_head_decoder.py	bbdd4dc29b0bacfd7af4a143ee7987d97c0b330d	88ccc4d560a61beb6f17f08013103b5bb8c63331eff33275687a375f19cca832	stage1_1_5_code	STAGE1_TO_STAGE1_5	COMMIT_EXACT	file selected from and validated against the named git commit
01_CODE_SNAPSHOT/models/decoders/light_decoder.py	WorldModel2026/models/decoders/light_decoder.py	bbdd4dc29b0bacfd7af4a143ee7987d97c0b330d	f658c48a838b972ec6eca1db80a25b970da3de0abfa1c870dec360e41f6f3702	stage1_1_5_code	STAGE1_TO_STAGE1_5	COMMIT_EXACT	file selected from and validated against the named git commit
01_CODE_SNAPSHOT/models/decoders/state_reconstruction_bridge.py	WorldModel2026/models/decoders/state_reconstruction_bridge.py	bbdd4dc29b0bacfd7af4a143ee7987d97c0b330d	8cd4b006b44023e3d8683f16d8feefbb86e9d9a4c709fe6f033d0d8009bb18ab	stage1_1_5_code	STAGE1_TO_STAGE1_5	COMMIT_EXACT	file selected from and validated against the named git commit
01_CODE_SNAPSHOT/models/encoders/imaging_condition_encoder.py	WorldModel2026/models/encoders/imaging_condition_encoder.py	bbdd4dc29b0bacfd7af4a143ee7987d97c0b330d	f8d713628b4a7d8c13e392f4f97807e00d0cd6d8a57718bdb2d2316e0e52663a	stage1_1_5_code	STAGE1_TO_STAGE1_5	COMMIT_EXACT	file selected from and validated against the named git commit
01_CODE_SNAPSHOT/models/encoders/multimodal_vit_encoder.py	WorldModel2026/models/encoders/multimodal_vit_encoder.py	bbdd4dc29b0bacfd7af4a143ee7987d97c0b330d	fc7b376b701abea4b9b5d8b5ae122c9bfd01489367a2f4cbd16fe634cc771b98	stage1_1_5_code	STAGE1_TO_STAGE1_5	COMMIT_EXACT	file selected from and validated against the named git commit
01_CODE_SNAPSHOT/models/encoders/multimodal_vit_encoder_film.py	WorldModel2026/models/encoders/multimodal_vit_encoder_film.py	bbdd4dc29b0bacfd7af4a143ee7987d97c0b330d	6e1d16e512abb1bc04795aaeccdfc5cd195729b07ec24557f68c87f5e0d4baf9	stage1_1_5_code	STAGE1_TO_STAGE1_5	COMMIT_EXACT	file selected from and validated against the named git commit
01_CODE_SNAPSHOT/models/encoders/pure_imaging_condition_encoder.py	WorldModel2026/models/encoders/pure_imaging_condition_encoder.py	bbdd4dc29b0bacfd7af4a143ee7987d97c0b330d	9c562ccf9754f3fd3475676afade915b4d2fe85b592fa87f1c0adeed10e54ff3	stage1_1_5_code	STAGE1_TO_STAGE1_5	COMMIT_EXACT	file selected from and validated against the named git commit
01_CODE_SNAPSHOT/models/encoders/state_projection.py	WorldModel2026/models/encoders/state_projection.py	bbdd4dc29b0bacfd7af4a143ee7987d97c0b330d	696e6196ee4e17f873067af6f9a97b0d963c4c38b702201ab2b31162331d0b0e	stage1_1_5_code	STAGE1_TO_STAGE1_5	COMMIT_EXACT	file selected from and validated against the named git commit
01_CODE_SNAPSHOT/models/encoders/tiny_vit_encoder.py	WorldModel2026/models/encoders/tiny_vit_encoder.py	bbdd4dc29b0bacfd7af4a143ee7987d97c0b330d	70b3a1b21e378f3a6d273d3cad7866de444be76a7807b5aaa0f3dde8d914a99c	stage1_1_5_code	STAGE1_TO_STAGE1_5	COMMIT_EXACT	file selected from and validated against the named git commit
01_CODE_SNAPSHOT/models/losses/__init__.py	WorldModel2026/models/losses/__init__.py	bbdd4dc29b0bacfd7af4a143ee7987d97c0b330d	d67de7cae27c97a127e81c565a26ec2e73b9d8fe6b7c9967b83f7e02f899c830	stage1_1_5_code	STAGE1_TO_STAGE1_5	COMMIT_EXACT	file selected from and validated against the named git commit
01_CODE_SNAPSHOT/models/losses/imaging_decoupling.py	WorldModel2026/models/losses/imaging_decoupling.py	bbdd4dc29b0bacfd7af4a143ee7987d97c0b330d	7c096171a6709e484d4b31cab3f9ed17b08e3f98d0859783a2920790a15b8c4f	stage1_1_5_code	STAGE1_TO_STAGE1_5	COMMIT_EXACT	file selected from and validated against the named git commit
01_CODE_SNAPSHOT/models/losses/reconstruction.py	WorldModel2026/models/losses/reconstruction.py	bbdd4dc29b0bacfd7af4a143ee7987d97c0b330d	e465cd21faa4223877d38d35a717e385bf4b25e25ec9929377846bc6dbced075	stage1_1_5_code	STAGE1_TO_STAGE1_5	COMMIT_EXACT	file selected from and validated against the named git commit
01_CODE_SNAPSHOT/models/losses/stage1_5_state.py	WorldModel2026/models/losses/stage1_5_state.py	bbdd4dc29b0bacfd7af4a143ee7987d97c0b330d	b5a3a78ad8d25ce75cfb1eb3feccde86dabcbae88fa0bf3e264d09b6cac54b21	stage1_1_5_code	STAGE1_TO_STAGE1_5	COMMIT_EXACT	file selected from and validated against the named git commit
01_CODE_SNAPSHOT/models/losses/state_dynamics.py	WorldModel2026/models/losses/state_dynamics.py	bbdd4dc29b0bacfd7af4a143ee7987d97c0b330d	a3e5de0717340afc5f1f855001b1144267076a145075c812f93232f06635763c	stage1_1_5_code	STAGE1_TO_STAGE1_5	COMMIT_EXACT	file selected from and validated against the named git commit
01_CODE_SNAPSHOT/requirements.txt	WorldModel2026/requirements.txt	bbdd4dc29b0bacfd7af4a143ee7987d97c0b330d	37abd442e0d65426d837a0b65639af777ad05db63b1bc9705828a7200a718a0b	stage1_1_5_code	STAGE1_TO_STAGE1_5	COMMIT_EXACT	file selected from and validated against the named git commit
01_CODE_SNAPSHOT/requirements.worldmodel.lock.txt	WorldModel2026/requirements.worldmodel.lock.txt	bbdd4dc29b0bacfd7af4a143ee7987d97c0b330d	476be50711c899f0322f8b3c8c7a66f5b387873d437b34927b9f4385ca05fb76	stage1_1_5_code	STAGE1_TO_STAGE1_5	COMMIT_EXACT	file selected from and validated against the named git commit
01_CODE_SNAPSHOT/train/fsdp_utils.py	WorldModel2026/train/fsdp_utils.py	bbdd4dc29b0bacfd7af4a143ee7987d97c0b330d	695d162c7d180c0ceccfb260c62a7cb619e00258ad8c0ddd3df60b9c6f9a3427	stage1_1_5_code	STAGE1_TO_STAGE1_5	COMMIT_EXACT	file selected from and validated against the named git commit
01_CODE_SNAPSHOT/train/train_stage1_5_dual_conditioned.py	WorldModel2026/train/train_stage1_5_dual_conditioned.py	bbdd4dc29b0bacfd7af4a143ee7987d97c0b330d	1fb6d1b9d6b5ff26184d6f4c7b70fce7dc30245207c69a2a17a283e90885b595	stage1_1_5_code	STAGE1_TO_STAGE1_5	COMMIT_EXACT	file selected from and validated against the named git commit
01_CODE_SNAPSHOT/train/train_stage1_dual.py	WorldModel2026/train/train_stage1_dual.py	bbdd4dc29b0bacfd7af4a143ee7987d97c0b330d	dede263fd862aecf1baa61e9c4ad2e9d53fb124f17b44d832707e1b27b89c701	stage1_1_5_code	STAGE1_TO_STAGE1_5	COMMIT_EXACT	file selected from and validated against the named git commit
01_CODE_SNAPSHOT/train/train_stage1_vits.py	WorldModel2026/train/train_stage1_vits.py	bbdd4dc29b0bacfd7af4a143ee7987d97c0b330d	88eb26da110a1795072b034816f7e0bbbad083e51f6330d695cb7982509ef676	stage1_1_5_code	STAGE1_TO_STAGE1_5	COMMIT_EXACT	file selected from and validated against the named git commit
01_CODE_SNAPSHOT/train/visualization.py	WorldModel2026/train/visualization.py	bbdd4dc29b0bacfd7af4a143ee7987d97c0b330d	e09a2f97a3b854996ee1176b34cef94c5d7c0183aaea06ba604c7b2e1fb03c98	stage1_1_5_code	STAGE1_TO_STAGE1_5	COMMIT_EXACT	file selected from and validated against the named git commit
02_CONFIGS/configs/data/ssl4eo.yaml	WorldModel2026/configs/data/ssl4eo.yaml	bbdd4dc29b0bacfd7af4a143ee7987d97c0b330d	67bc0cd00e46b5b3e665dbeb0324c0c113733ffb37683bf947a7fbe99f3a8d7c	stage1_1_5_config	STAGE1_TO_STAGE1_5	COMMIT_EXACT	file selected from and validated against the named git commit
02_CONFIGS/configs/model/stage1_tiny_encoder.yaml	WorldModel2026/configs/model/stage1_tiny_encoder.yaml	bbdd4dc29b0bacfd7af4a143ee7987d97c0b330d	28a778ab26a2fc8f13b2e72ccfb3a3d2ed28eafb0930b3bc4176987251f4f6ed	stage1_1_5_config	STAGE1_TO_STAGE1_5	COMMIT_EXACT	file selected from and validated against the named git commit
02_CONFIGS/configs/train/stage1_5_dual_conditioned_vits_60k.yaml	WorldModel2026/configs/train/stage1_5_dual_conditioned_vits_60k.yaml	bbdd4dc29b0bacfd7af4a143ee7987d97c0b330d	af00a9ba7b422715a335ee1865955d8f162c3f37a00c98bb43c96c7cb8567334	stage1_1_5_config	STAGE1_TO_STAGE1_5	COMMIT_EXACT	file selected from and validated against the named git commit
02_CONFIGS/configs/train/stage1_5_dual_conditioned_vits_state_bridge_60k.yaml	WorldModel2026/configs/train/stage1_5_dual_conditioned_vits_state_bridge_60k.yaml	bbdd4dc29b0bacfd7af4a143ee7987d97c0b330d	9b666543964b0297c59ebe208374b676cb5be5b26caa08fc2bcb59a694f6dded	stage1_1_5_config	STAGE1_TO_STAGE1_5	COMMIT_EXACT	file selected from and validated against the named git commit
02_CONFIGS/configs/train/stage1_vits_dual_staged.yaml	WorldModel2026/configs/train/stage1_vits_dual_staged.yaml	bbdd4dc29b0bacfd7af4a143ee7987d97c0b330d	21b37c01064a765ece10e45b0885a5b0b582db7a3669c047cea6238c13086e0f	stage1_1_5_config	STAGE1_TO_STAGE1_5	COMMIT_EXACT	file selected from and validated against the named git commit
03_TRAINING_AND_EVAL/eval/eval_linear_probe_eurosat.py	WorldModel2026/eval/eval_linear_probe_eurosat.py	bbdd4dc29b0bacfd7af4a143ee7987d97c0b330d	db1a857827b209cd68529ba2bcdfecc1d10c26c5dd21bbcbce56ffae9d084e6f	stage1_1_5_train_eval	STAGE1_TO_STAGE1_5	COMMIT_EXACT	file selected from and validated against the named git commit
03_TRAINING_AND_EVAL/eval/eval_phi_leakage_probe_fixed.py	WorldModel2026/eval/eval_phi_leakage_probe_fixed.py	bbdd4dc29b0bacfd7af4a143ee7987d97c0b330d	9a48be3a2b544b6d2f961cd9df3bcfa557e9ccdf9d82463faf8c699ea08e6a38	stage1_1_5_train_eval	STAGE1_TO_STAGE1_5	COMMIT_EXACT	file selected from and validated against the named git commit
03_TRAINING_AND_EVAL/eval/quick_check_stage1_5.py	WorldModel2026/eval/quick_check_stage1_5.py	bbdd4dc29b0bacfd7af4a143ee7987d97c0b330d	073e1d04f81a165ab63844b02a9ef771595381028137f2e5b853380d774930ce	stage1_1_5_train_eval	STAGE1_TO_STAGE1_5	COMMIT_EXACT	file selected from and validated against the named git commit
03_TRAINING_AND_EVAL/eval/verify_alignment.py	WorldModel2026/eval/verify_alignment.py	bbdd4dc29b0bacfd7af4a143ee7987d97c0b330d	2c6ea86c6b15f291655e7cc201352ecb8b888163c7701562fd5070f9570a912a	stage1_1_5_train_eval	STAGE1_TO_STAGE1_5	COMMIT_EXACT	file selected from and validated against the named git commit
03_TRAINING_AND_EVAL/run_stage1_5_vits_60k.sh	WorldModel2026/run_stage1_5_vits_60k.sh	bbdd4dc29b0bacfd7af4a143ee7987d97c0b330d	01b15e9b7cfc98e63ae3b0804cbbad147000754c5e46ce76da39c397ad156da6	stage1_1_5_train_eval	STAGE1_TO_STAGE1_5	COMMIT_EXACT	file selected from and validated against the named git commit
03_TRAINING_AND_EVAL/run_stage1_vits_staged.sh	WorldModel2026/run_stage1_vits_staged.sh	bbdd4dc29b0bacfd7af4a143ee7987d97c0b330d	89986ddc28576530eb98d9a0414143f25b98ea1067dc5ec7e90abe5a25e90f54	stage1_1_5_train_eval	STAGE1_TO_STAGE1_5	COMMIT_EXACT	file selected from and validated against the named git commit
03_TRAINING_AND_EVAL/scripts/build_phi_cache.py	WorldModel2026/scripts/build_phi_cache.py	bbdd4dc29b0bacfd7af4a143ee7987d97c0b330d	ca07a71c10ba8898cccd27e483008f61b02294eaa7bd42111ebec9c1f6c3062c	stage1_1_5_train_eval	STAGE1_TO_STAGE1_5	COMMIT_EXACT	file selected from and validated against the named git commit
03_TRAINING_AND_EVAL/scripts/build_phi_cache_v2.py	WorldModel2026/scripts/build_phi_cache_v2.py	bbdd4dc29b0bacfd7af4a143ee7987d97c0b330d	bd92a495409adca3d55d5efc0d39e45875d28fc746bbdcc2994b7343376d3ca9	stage1_1_5_train_eval	STAGE1_TO_STAGE1_5	COMMIT_EXACT	file selected from and validated against the named git commit
03_TRAINING_AND_EVAL/scripts/build_phi_v3_s1geom.py	WorldModel2026/scripts/build_phi_v3_s1geom.py	bbdd4dc29b0bacfd7af4a143ee7987d97c0b330d	7e555eebf75394863dc576791f82e6d62c447bdd715b70545229c157153918c8	stage1_1_5_train_eval	STAGE1_TO_STAGE1_5	COMMIT_EXACT	file selected from and validated against the named git commit
03_TRAINING_AND_EVAL/scripts/resume_stage1_5_state_bridge_60k.sh	WorldModel2026/scripts/resume_stage1_5_state_bridge_60k.sh	bbdd4dc29b0bacfd7af4a143ee7987d97c0b330d	9b389403f2ad0207cee68833acc6d4d84eaa73d9a60c0c2e30bbe1893f3778f6	stage1_1_5_train_eval	STAGE1_TO_STAGE1_5	COMMIT_EXACT	file selected from and validated against the named git commit
03_TRAINING_AND_EVAL/scripts/test_dual_dataloader.py	WorldModel2026/scripts/test_dual_dataloader.py	bbdd4dc29b0bacfd7af4a143ee7987d97c0b330d	d507432ff765975aaa5c2e45ca6c51f62430f4053474482ea81470a91dd74f37	stage1_1_5_train_eval	STAGE1_TO_STAGE1_5	COMMIT_EXACT	file selected from and validated against the named git commit
03_TRAINING_AND_EVAL/scripts/train_stage1_5_dual_conditioned_fsdp8.sh	WorldModel2026/scripts/train_stage1_5_dual_conditioned_fsdp8.sh	bbdd4dc29b0bacfd7af4a143ee7987d97c0b330d	7790352e3fe3b4d93b780ce90c1fb11d6815d757bbaf2f5b445347b4953ef6d4	stage1_1_5_train_eval	STAGE1_TO_STAGE1_5	COMMIT_EXACT	file selected from and validated against the named git commit
03_TRAINING_AND_EVAL/tests/conftest.py	WorldModel2026/tests/conftest.py	bbdd4dc29b0bacfd7af4a143ee7987d97c0b330d	20219550365eda329f6c1c102a2328dd70e910350a1c8f760cff6bf8c4ed1989	stage1_1_5_train_eval	STAGE1_TO_STAGE1_5	COMMIT_EXACT	file selected from and validated against the named git commit
03_TRAINING_AND_EVAL/tests/test_stage1_5_dual_conditioned.py	WorldModel2026/tests/test_stage1_5_dual_conditioned.py	bbdd4dc29b0bacfd7af4a143ee7987d97c0b330d	11b27fba6a132806c6ad259e6a91c082f97788d96bed856c4328555cc89dfdfc	stage1_1_5_train_eval	STAGE1_TO_STAGE1_5	COMMIT_EXACT	file selected from and validated against the named git commit
03_TRAINING_AND_EVAL/tests/test_stage1_5_integration.py	WorldModel2026/tests/test_stage1_5_integration.py	bbdd4dc29b0bacfd7af4a143ee7987d97c0b330d	89c82b8e92205a84831c8677b7e8c6968c18204b2af2f5ef4a6d869be7204f9c	stage1_1_5_train_eval	STAGE1_TO_STAGE1_5	COMMIT_EXACT	file selected from and validated against the named git commit
04_RESULTS/27_Stage1.5成像解耦验证结果与方法.md	WorldModel2026/任务描述相关/27_Stage1.5成像解耦验证结果与方法.md	working-tree/artifact snapshot	61eaad9fc0976f815ec8e83970810237856ba93770d661b315a0cf184e64fe27	stage1_1_5_result	STAGE1_TO_STAGE1_5	EXACT_COPY	selected artifact copied byte-for-byte from the matched source
04_RESULTS/28_Stage1.5_30k完整验证记录.md	WorldModel2026/任务描述相关/28_Stage1.5_30k完整验证记录.md	working-tree/artifact snapshot	47503b95b64a72417ae284fe5687a4f0c2f14dc97eb00ada7e664c4549963614	stage1_1_5_result	STAGE1_TO_STAGE1_5	EXACT_COPY	selected artifact copied byte-for-byte from the matched source
04_RESULTS/29_Stage1.5_30k_vs_60k_Phi泄漏对比.md	WorldModel2026/任务描述相关/29_Stage1.5_30k_vs_60k_Phi泄漏对比.md	working-tree/artifact snapshot	0d992a024c61ea89ef01e1d0ebb101250365b5b9118315a786313ae46d24dcd1	stage1_1_5_result	STAGE1_TO_STAGE1_5	EXACT_COPY	selected artifact copied byte-for-byte from the matched source
04_RESULTS/README_STATUS.md	generated_in_curated_archive	n/a	f3b3d1273d37f93cb47f9b67479effb7e509a25e7bc42d8d64bda8d6aa36d91a	stage1_1_5_result	STAGE1_TO_STAGE1_5	GENERATED	curation navigation, validation, provenance, or derived index
04_RESULTS/STAGE1.5_AUDIT_SUMMARY.md	WorldModel2026/STAGE1.5_AUDIT_SUMMARY.md	working-tree/artifact snapshot	b21d7bf5987023540b0d218e1699b7dba1bda5d2d99673edebe21ad544a0f9ab	stage1_1_5_result	STAGE1_TO_STAGE1_5	EXACT_COPY	selected artifact copied byte-for-byte from the matched source
04_RESULTS/STAGE1.5_IMPLEMENTATION_AUDIT.md	WorldModel2026/STAGE1.5_IMPLEMENTATION_AUDIT.md	working-tree/artifact snapshot	487796e65c7a98fee4fbab3c1f37f15503baffdcee9b48910edcd25ac79de1e3	stage1_1_5_result	STAGE1_TO_STAGE1_5	EXACT_COPY	selected artifact copied byte-for-byte from the matched source
04_RESULTS/STAGE1_DELIVERY_REPORT.md	WorldModel2026/STAGE1_DELIVERY_REPORT.md	working-tree/artifact snapshot	efffbf8984633c25478d74e0be508872ded5d016d62e9c55dd54a9ce40e4fb81	stage1_1_5_result	STAGE1_TO_STAGE1_5	EXACT_COPY	selected artifact copied byte-for-byte from the matched source
04_RESULTS/STAGE1_vs_STAGE1.5_STEP_EPOCH_VERIFICATION.md	WorldModel2026/STAGE1_vs_STAGE1.5_STEP_EPOCH_VERIFICATION.md	working-tree/artifact snapshot	7fa0f9cf047786dc3ae64a68f67d2c52941e0d4c8ff513ceb3d346d4d2ad2057	stage1_1_5_result	STAGE1_TO_STAGE1_5	EXACT_COPY	selected artifact copied byte-for-byte from the matched source
04_RESULTS/Stage1.5_30k_Phi_Leakage_Probe_结果分析.md	WorldModel2026/Stage1.5_30k_Phi_Leakage_Probe_结果分析.md	working-tree/artifact snapshot	0381ebf03256fe8eda9d9cb4cfa12636d7c791c9cb6c5714b23ddce062cfc43c	stage1_1_5_result	STAGE1_TO_STAGE1_5	EXACT_COPY	selected artifact copied byte-for-byte from the matched source
05_DESIGN_AND_NARRATIVE/01_叙事审查.md	WorldModel2026/思路整理进展/01_叙事审查.md	working-tree/artifact snapshot	812c574c472c24b35c8d99882729ac1f61a60bb6cba56c5a785f61c4d5b26ffc	stage1_1_5_narrative	STAGE1_TO_STAGE1_5	EXACT_COPY	selected artifact copied byte-for-byte from the matched source
05_DESIGN_AND_NARRATIVE/02_推荐论文主线.md	WorldModel2026/思路整理进展/02_推荐论文主线.md	working-tree/artifact snapshot	323624c88732b56fb9ebff97b726e20350554903e8fb4c523d89d59a44428d8c	stage1_1_5_narrative	STAGE1_TO_STAGE1_5	EXACT_COPY	selected artifact copied byte-for-byte from the matched source
05_DESIGN_AND_NARRATIVE/05_ObsWorld新主线总结与可行性审查.md	WorldModel2026/思路整理进展/05_ObsWorld新主线总结与可行性审查.md	working-tree/artifact snapshot	a94f3bf36c75d0af96c19fb4ce451ac31baf08c73d577e3415df08908e5e86ff	stage1_1_5_narrative	STAGE1_TO_STAGE1_5	EXACT_COPY	selected artifact copied byte-for-byte from the matched source
05_DESIGN_AND_NARRATIVE/07_ObsWorld主线定稿与实验方案.md	WorldModel2026/思路整理进展/07_ObsWorld主线定稿与实验方案.md	working-tree/artifact snapshot	c6146521f9522bf6996faf366c3bafeacd32a23f9162cac41d494ebb0107a855	stage1_1_5_narrative	STAGE1_TO_STAGE1_5	EXACT_COPY	selected artifact copied byte-for-byte from the matched source
05_DESIGN_AND_NARRATIVE/08_ObsWorld方案关键问答与实现路线.md	WorldModel2026/思路整理进展/08_ObsWorld方案关键问答与实现路线.md	working-tree/artifact snapshot	65d2256c305a30b01c2192d2d19758459a0d1815eb6e2e58481c6b24fcd7b634	stage1_1_5_narrative	STAGE1_TO_STAGE1_5	EXACT_COPY	selected artifact copied byte-for-byte from the matched source
05_DESIGN_AND_NARRATIVE/10_ObsWorld完整实验流程与字段设计.md	WorldModel2026/思路整理进展/10_ObsWorld完整实验流程与字段设计.md	working-tree/artifact snapshot	6bc60ce38dc943f30eafdaccfe5113f22ed23f324dc66e3c8b5998e09b60876e	stage1_1_5_narrative	STAGE1_TO_STAGE1_5	EXACT_COPY	selected artifact copied byte-for-byte from the matched source
05_DESIGN_AND_NARRATIVE/12_SSL4EO第一步数据处理phi构造详情.md	WorldModel2026/思路整理进展/12_SSL4EO第一步数据处理phi构造详情.md	working-tree/artifact snapshot	9bed485c8336a5caf21329e32f379744bf34f4be7312463e2733898fb71061a6	stage1_1_5_narrative	STAGE1_TO_STAGE1_5	EXACT_COPY	selected artifact copied byte-for-byte from the matched source
05_DESIGN_AND_NARRATIVE/12_Stage1.5成像条件解耦实施方案与phi字段预处理完整报告.md	WorldModel2026/任务描述相关/12_Stage1.5成像条件解耦实施方案与phi字段预处理完整报告.md	working-tree/artifact snapshot	e65f64f1c081289a2fdffba6d40aac92aed394786bb1554f0b27190179ba2d23	stage1_1_5_narrative	STAGE1_TO_STAGE1_5	EXACT_COPY	selected artifact copied byte-for-byte from the matched source
05_DESIGN_AND_NARRATIVE/13 ObsWorld 项目进度汇报 · phi 字段数据集结构 · FiLM 设计约束.md	WorldModel2026/思路整理进展/13 ObsWorld 项目进度汇报 · phi 字段数据集结构 · FiLM 设计约束.md	working-tree/artifact snapshot	f461271727ad99f0f6728802ea4d96606a0e42cfe36e61731d92c9f7f921b771	stage1_1_5_narrative	STAGE1_TO_STAGE1_5	EXACT_COPY	selected artifact copied byte-for-byte from the matched source
05_DESIGN_AND_NARRATIVE/28 Stage 1.5 Phi 泄漏检测30k vs 60k 对比.md	WorldModel2026/思路整理进展/28 Stage 1.5 Phi 泄漏检测30k vs 60k 对比.md	working-tree/artifact snapshot	944ed86bd9d8ad1d534f91e2315455c12ce706dfd9a6cb8da8dfe24880d0783c	stage1_1_5_narrative	STAGE1_TO_STAGE1_5	EXACT_COPY	selected artifact copied byte-for-byte from the matched source
05_DESIGN_AND_NARRATIVE/29 Stage 1.5 Phi 泄漏检测：30k vs 60k 对比.md	WorldModel2026/思路整理进展/29 Stage 1.5 Phi 泄漏检测：30k vs 60k 对比.md	working-tree/artifact snapshot	0fa9e168c45e9f89b2838c1ea166bb5c702268593a9e1ac4a94949209ed69141	stage1_1_5_narrative	STAGE1_TO_STAGE1_5	EXACT_COPY	selected artifact copied byte-for-byte from the matched source
05_DESIGN_AND_NARRATIVE/39_ObsWorld_AAAI叙事前沿文献公开数据与代码独立审查_完整汇总.md	WorldModel2026/思路整理进展/39_ObsWorld_AAAI叙事前沿文献公开数据与代码独立审查_完整汇总.md	working-tree/artifact snapshot	bc0e5e6bf13c570f86ce6ef741bd47f945d95e040f6e3030d67fae1ce98b797b	stage1_1_5_narrative	STAGE1_TO_STAGE1_5	EXACT_COPY	selected artifact copied byte-for-byte from the matched source
05_DESIGN_AND_NARRATIVE/README_STATUS.md	generated_in_curated_archive	n/a	a5b13d7df721fed3a45a9b12d0814ce70bc1bfd643f5daf3271298718b1a3589	stage1_1_5_narrative	STAGE1_TO_STAGE1_5	GENERATED	curation navigation, validation, provenance, or derived index
05_DESIGN_AND_NARRATIVE/Stage1.5_完整训练执行方案_FINAL.md	WorldModel2026/任务描述相关/Stage1.5_完整训练执行方案_FINAL.md	working-tree/artifact snapshot	20cef9f3e4bd8d5631dc178ca53a008868746faf6db2b77c5d463124ed756abe	stage1_1_5_narrative	STAGE1_TO_STAGE1_5	EXACT_COPY	selected artifact copied byte-for-byte from the matched source
06_LEARNING_SYSTEM/README.md	WorldModel2026/.learning/README.md	working-tree/artifact snapshot	54cef82e22df57ecd57e5f0fbfd504476ace8d1187fd922629d6e023248b575f	learning_system	STAGE1_TO_STAGE1_5	EXACT_COPY	selected artifact copied byte-for-byte from the matched source
06_LEARNING_SYSTEM/skill-teach.md	WorldModel2026/.learning/skill-teach.md	working-tree/artifact snapshot	3ee636d9a45d2660173814bf69891647a6d171f8c21034650905b76c33c6201f	learning_system	STAGE1_TO_STAGE1_5	EXACT_COPY	selected artifact copied byte-for-byte from the matched source
06_LEARNING_SYSTEM/大纲.md	WorldModel2026/.learning/大纲.md	working-tree/artifact snapshot	9aefe65b101587d23ede62f1b9c647efe2bde18d087965793524c42f3cde49c8	learning_system	STAGE1_TO_STAGE1_5	EXACT_COPY	selected artifact copied byte-for-byte from the matched source
06_LEARNING_SYSTEM/疑问记录.md	WorldModel2026/.learning/疑问记录.md	working-tree/artifact snapshot	557b6c70e6ba6731a32fa58d936f5daf7842e96127768572e6274fdcbb14edbd	learning_system	STAGE1_TO_STAGE1_5	EXACT_COPY	selected artifact copied byte-for-byte from the matched source
06_LEARNING_SYSTEM/笔记/Stage1-VAE编码解码器.md	WorldModel2026/.learning/笔记/Stage1-VAE编码解码器.md	working-tree/artifact snapshot	cbb5da02cd65cc0df6d638de01bba601d2c5ba8d7295a406c1ac444dd5c019cc	learning_system	STAGE1_TO_STAGE1_5	EXACT_COPY	selected artifact copied byte-for-byte from the matched source
06_LEARNING_SYSTEM/进度追踪.md	WorldModel2026/.learning/进度追踪.md	working-tree/artifact snapshot	1cbb18f2b40642f6cf8f4b7a7d06b62a8dca61d91754a1637e3ae6c655fc979b	learning_system	STAGE1_TO_STAGE1_5	EXACT_COPY	selected artifact copied byte-for-byte from the matched source
07_WEIGHT_PROVENANCE/STRICT_LOAD_VALIDATION.txt	generated_in_curated_archive	n/a	391283744e34ebeedcf26c5eaedd07fb27ec62b65fef6c9f6faeda531628a2dd	weight_provenance	STAGE1_TO_STAGE1_5	GENERATED	strict-load validation for recovered final Stage1 and Stage1.5 weights
07_WEIGHT_PROVENANCE/WEIGHT_RECOVERY_MANIFEST.md	generated_in_curated_archive	n/a	d4ff3f8c4ea73df44f8d1bc88b7a9db248508ec75c13dab1e4cf22938cb56714	weight_provenance	STAGE1_TO_STAGE1_5	GENERATED	curation navigation, validation, provenance, or derived index
07_WEIGHT_PROVENANCE/WEIGHT_STATUS.md	generated_in_curated_archive	n/a	243e42d59c0c6b0fbf7d6706adb685e072d328d6595beeb4766fe025758959cf	weight_provenance	STAGE1_TO_STAGE1_5	GENERATED	curation navigation, validation, provenance, or derived index
07_WEIGHT_PROVENANCE/weights/README.md	generated_in_curated_archive	n/a	cce14821f47de6923c33bdb5c1ba260f4f69306d9dda791a0e89ffcc4296e2b2	weight_provenance	STAGE1_TO_STAGE1_5	GENERATED	navigation and provenance for recovered final weights
07_WEIGHT_PROVENANCE/weights/stage1_5_final_state_bridge/checkpoint_step_60000.pt	github-private-release://fuchen0614-oss/WorldModel2026-weights/releases/tag/stage1.5#checkpoint_step_60000.pt	release:stage1.5	24646b89eda5fb97ff03a76da5c136969bd1e2af9d76d60bd9537b6e304ff97d	weight_provenance	STAGE1_TO_STAGE1_5	RELEASE_ASSET	final Stage1.5 60k state-bridge checkpoint
07_WEIGHT_PROVENANCE/weights/stage1_final/checkpoint_epoch200_step_95000.pt	github-private-release://fuchen0614-oss/WorldModel2026-weights/releases/tag/stage1#checkpoint_epoch200_step_95000.pt	release:stage1	79b20ee6ddc499c60019ed8590108e08789dcc0d8877d1892eb490b2cc5500df	weight_provenance	STAGE1_TO_STAGE1_5	RELEASE_ASSET	final Stage1 95k checkpoint; duplicate alias excluded by identical SHA
08_STAGE2_CONTINUATION/01_CODE_SNAPSHOT/artifacts/stage2_earthnet2021x/dgh_stats_train.json	WorldModel2026/artifacts/stage2_earthnet2021x/dgh_stats_train.json	541dd76	1a81182dc0e2f7089c2fdadfe13bbca58c885a549b434f87e220d953a087eb1a	stage2_continuation_code	STAGE2_CONTINUATION	COMMIT_EXACT	file selected from and validated against the named git commit
08_STAGE2_CONTINUATION/01_CODE_SNAPSHOT/configs/train/plan_a_metric_v1.yaml	WorldModel2026/configs/train/plan_a_metric_v1.yaml	541dd76	41a4b54ed0d0f1875f1d9861322b4a55e4264faafc543b01ccf1609913f75c7b	stage2_continuation_code	STAGE2_CONTINUATION	COMMIT_EXACT	file selected from and validated against the named git commit
08_STAGE2_CONTINUATION/01_CODE_SNAPSHOT/configs/train/plan_a_prime_from_s15.yaml	WorldModel2026/configs/train/plan_a_prime_from_s15.yaml	541dd76	8b76f478a9cd1ce9feca873bcbb8a113308b39eee75abeec482ffac515c2e291	stage2_continuation_code	STAGE2_CONTINUATION	COMMIT_EXACT	file selected from and validated against the named git commit
08_STAGE2_CONTINUATION/01_CODE_SNAPSHOT/configs/train/plan_a_prime_from_s1a_stage2.yaml	WorldModel2026/configs/train/plan_a_prime_from_s1a_stage2.yaml	541dd76	89c4aee0d6d33c1986e1ce77adef100026e01b3c1287027e4c6782a937f85e95	stage2_continuation_code	STAGE2_CONTINUATION	COMMIT_EXACT	file selected from and validated against the named git commit
08_STAGE2_CONTINUATION/01_CODE_SNAPSHOT/configs/train/plan_a_stage2v3_vits.yaml	WorldModel2026/configs/train/plan_a_stage2v3_vits.yaml	541dd76	388611b16d2b60915b3ae3664d61179a63b64ea7d92a38c708786b0ef6f9295c	stage2_continuation_code	STAGE2_CONTINUATION	COMMIT_EXACT	file selected from and validated against the named git commit
08_STAGE2_CONTINUATION/01_CODE_SNAPSHOT/configs/train/stage2_earthnet_v2_direct24.yaml	WorldModel2026/configs/train/stage2_earthnet_v2_direct24.yaml	541dd76	d1a407d21d960866ebe3ed8c1423adee906f7a4c56180526771e7489680f8e25	stage2_continuation_code	STAGE2_CONTINUATION	COMMIT_EXACT	file selected from and validated against the named git commit
08_STAGE2_CONTINUATION/01_CODE_SNAPSHOT/configs/train/stage2_earthnet_v2_direct_physical4.yaml	WorldModel2026/configs/train/stage2_earthnet_v2_direct_physical4.yaml	541dd76	0ade91ccae6f67af62eb9e39d102142c60223f10f19870ff0ef301ed1d52c095	stage2_continuation_code	STAGE2_CONTINUATION	COMMIT_EXACT	file selected from and validated against the named git commit
08_STAGE2_CONTINUATION/01_CODE_SNAPSHOT/data/datasets/earthnet2021.py	WorldModel2026/data/datasets/earthnet2021.py	541dd76	79fe245cc106c9f953b156e9e91fc132ad63d12665ace4a8fab5d75c190b7fd9	stage2_continuation_code	STAGE2_CONTINUATION	COMMIT_EXACT	file selected from and validated against the named git commit
08_STAGE2_CONTINUATION/01_CODE_SNAPSHOT/data/earthnet_conditioning.py	WorldModel2026/data/earthnet_conditioning.py	541dd76	2f2b24c4727b0ec3d034043b2f5b190f2369c0b99dfe33202166ca8a285d5fda	stage2_continuation_code	STAGE2_CONTINUATION	COMMIT_EXACT	file selected from and validated against the named git commit
08_STAGE2_CONTINUATION/01_CODE_SNAPSHOT/data/earthnet_fields.py	WorldModel2026/data/earthnet_fields.py	541dd76	706b1db56877aadeb777b624363c52af2cc39174ec9b0336b9a6b5be31fb8ba6	stage2_continuation_code	STAGE2_CONTINUATION	COMMIT_EXACT	file selected from and validated against the named git commit
08_STAGE2_CONTINUATION/01_CODE_SNAPSHOT/data/earthnet_manifest.py	WorldModel2026/data/earthnet_manifest.py	541dd76	111ec007e482ef9586b9033986ad0957c2dd91d213992d634e7a549ea4aa47f0	stage2_continuation_code	STAGE2_CONTINUATION	COMMIT_EXACT	file selected from and validated against the named git commit
08_STAGE2_CONTINUATION/01_CODE_SNAPSHOT/data/earthnet_physical_conditioning.py	WorldModel2026/data/earthnet_physical_conditioning.py	541dd76	5f848617e38dfaabfc8169e03b4d87b7ca53150b2090fcb2def01d774864361b	stage2_continuation_code	STAGE2_CONTINUATION	COMMIT_EXACT	file selected from and validated against the named git commit
08_STAGE2_CONTINUATION/01_CODE_SNAPSHOT/data/stage2_contract.py	WorldModel2026/data/stage2_contract.py	541dd76	d63275ff3d2e2c409a9e68ee6745130f58dfa95b8c92b5f63ab86be40a104c19	stage2_continuation_code	STAGE2_CONTINUATION	COMMIT_EXACT	file selected from and validated against the named git commit
08_STAGE2_CONTINUATION/01_CODE_SNAPSHOT/eval/aprime_composition.py	WorldModel2026/eval/aprime_composition.py	541dd76	164430f08de56e6af8c1f13a85564b784a8470a99a6d7d8f188bd10fbc51d0a0	stage2_continuation_code	STAGE2_CONTINUATION	COMMIT_EXACT	file selected from and validated against the named git commit
08_STAGE2_CONTINUATION/01_CODE_SNAPSHOT/eval/aprime_driver_sensitivity.py	WorldModel2026/eval/aprime_driver_sensitivity.py	541dd76	0cdb5a6ecbe2c071581d53ecc3e3ae16c2a93eb09011c7220bfad1f09df1270a	stage2_continuation_code	STAGE2_CONTINUATION	COMMIT_EXACT	file selected from and validated against the named git commit
08_STAGE2_CONTINUATION/01_CODE_SNAPSHOT/eval/aprime_load_bearing.py	WorldModel2026/eval/aprime_load_bearing.py	541dd76	f939216a5834d113168319782b66cb31fe040d49d41863485ba45db85943d72b	stage2_continuation_code	STAGE2_CONTINUATION	COMMIT_EXACT	file selected from and validated against the named git commit
08_STAGE2_CONTINUATION/01_CODE_SNAPSHOT/eval/aprime_paired_stats.py	WorldModel2026/eval/aprime_paired_stats.py	541dd76	6af8c7d1422ae6884289c6dddbd135086ca5c0d0429670ad00d42f087622e948	stage2_continuation_code	STAGE2_CONTINUATION	COMMIT_EXACT	file selected from and validated against the named git commit
08_STAGE2_CONTINUATION/01_CODE_SNAPSHOT/eval/aprime_provenance.py	WorldModel2026/eval/aprime_provenance.py	541dd76	74cc738e3134194191adf7f167c3e402461d4c667fedfb8928077e1fd6a51bce	stage2_continuation_code	STAGE2_CONTINUATION	COMMIT_EXACT	file selected from and validated against the named git commit
08_STAGE2_CONTINUATION/01_CODE_SNAPSHOT/eval/aprime_select_checkpoint.py	WorldModel2026/eval/aprime_select_checkpoint.py	541dd76	14fd52cab847206237a3ed5031f3846fa751d7f9699378688c63aad6d43365f0	stage2_continuation_code	STAGE2_CONTINUATION	COMMIT_EXACT	file selected from and validated against the named git commit
08_STAGE2_CONTINUATION/01_CODE_SNAPSHOT/eval/checkpoint_selection.py	WorldModel2026/eval/checkpoint_selection.py	541dd76	492e33f7d369b601839ee35d297f9ad7fcf53c956f7dc8cd9a8694d1e06ad871	stage2_continuation_code	STAGE2_CONTINUATION	COMMIT_EXACT	file selected from and validated against the named git commit
08_STAGE2_CONTINUATION/01_CODE_SNAPSHOT/eval/earthnet_standard_metrics.py	WorldModel2026/eval/earthnet_standard_metrics.py	541dd76	7069aaa37b240c66967829411a72fbea060226ce132dee7364d316dffde9d5fc	stage2_continuation_code	STAGE2_CONTINUATION	COMMIT_EXACT	file selected from and validated against the named git commit
08_STAGE2_CONTINUATION/01_CODE_SNAPSHOT/eval/earthnet_table1.py	WorldModel2026/eval/earthnet_table1.py	541dd76	53ca181754bce4057a920b8184606e7615f13ad794c0c7d18aba901cc57765ba	stage2_continuation_code	STAGE2_CONTINUATION	COMMIT_EXACT	file selected from and validated against the named git commit
08_STAGE2_CONTINUATION/01_CODE_SNAPSHOT/eval/eval_stage2_earthnet.py	WorldModel2026/eval/eval_stage2_earthnet.py	541dd76	5876356bea12a988904c3fe6011c9aa90a9be2f5416923ccd357379676ba559c	stage2_continuation_code	STAGE2_CONTINUATION	COMMIT_EXACT	file selected from and validated against the named git commit
08_STAGE2_CONTINUATION/01_CODE_SNAPSHOT/eval/export_greenearthnet_predictions.py	WorldModel2026/eval/export_greenearthnet_predictions.py	541dd76	5652af6898f7c6d111d5cd80cd6f13c213bc71900cc1ebeba0c97f65f1a6f258	stage2_continuation_code	STAGE2_CONTINUATION	COMMIT_EXACT	file selected from and validated against the named git commit
08_STAGE2_CONTINUATION/01_CODE_SNAPSHOT/eval/forecast_metrics.py	WorldModel2026/eval/forecast_metrics.py	541dd76	4ebfa844b4fd48b8e265ffdd20145ab3afa5caa9b81c0ed9e4dfa7b80cebcb27	stage2_continuation_code	STAGE2_CONTINUATION	COMMIT_EXACT	file selected from and validated against the named git commit
08_STAGE2_CONTINUATION/01_CODE_SNAPSHOT/eval/greenearthnet_protocol.py	WorldModel2026/eval/greenearthnet_protocol.py	541dd76	e0cc47ff794c80addda8053f0dcd4daabc9ba5e827938a8517b09c82fa8f3ed1	stage2_continuation_code	STAGE2_CONTINUATION	COMMIT_EXACT	file selected from and validated against the named git commit
08_STAGE2_CONTINUATION/01_CODE_SNAPSHOT/eval/stage2_evaluation_provenance.py	WorldModel2026/eval/stage2_evaluation_provenance.py	541dd76	70f05bc629fccfde4dda3516c5569f585138df9d2f726059e32d93e6818abbad	stage2_continuation_code	STAGE2_CONTINUATION	COMMIT_EXACT	file selected from and validated against the named git commit
08_STAGE2_CONTINUATION/01_CODE_SNAPSHOT/eval/table1_artifact_contract.py	WorldModel2026/eval/table1_artifact_contract.py	541dd76	1e5dd43158899c9e106cb7915f47d7677ed2e8ac8418e106fd3b966bd831ebdc	stage2_continuation_code	STAGE2_CONTINUATION	COMMIT_EXACT	file selected from and validated against the named git commit
08_STAGE2_CONTINUATION/01_CODE_SNAPSHOT/models/adapters/earthnet_band_adapter.py	WorldModel2026/models/adapters/earthnet_band_adapter.py	541dd76	c6e04a9e949f8eb2451950f5ca023bfb43b3ee0836c57d3317a1a98bb2e22036	stage2_continuation_code	STAGE2_CONTINUATION	COMMIT_EXACT	file selected from and validated against the named git commit
08_STAGE2_CONTINUATION/01_CODE_SNAPSHOT/models/adapters/geo_tokenizer.py	WorldModel2026/models/adapters/geo_tokenizer.py	541dd76	e3d161910c999033c4e4a47114fb5686f9c412fe040532dd8a8a17958d758a10	stage2_continuation_code	STAGE2_CONTINUATION	COMMIT_EXACT	file selected from and validated against the named git commit
08_STAGE2_CONTINUATION/01_CODE_SNAPSHOT/models/decoders/earthnet_observation_decoder.py	WorldModel2026/models/decoders/earthnet_observation_decoder.py	541dd76	40a40cfab0b00a340925268662f5cde90ff68f9bc522a2160c94c1da98630f00	stage2_continuation_code	STAGE2_CONTINUATION	COMMIT_EXACT	file selected from and validated against the named git commit
08_STAGE2_CONTINUATION/01_CODE_SNAPSHOT/models/decoders/light_decoder.py	WorldModel2026/models/decoders/light_decoder.py	541dd76	f658c48a838b972ec6eca1db80a25b970da3de0abfa1c870dec360e41f6f3702	stage2_continuation_code	STAGE2_CONTINUATION	COMMIT_EXACT	file selected from and validated against the named git commit
08_STAGE2_CONTINUATION/01_CODE_SNAPSHOT/models/dynamics/condition_encoders.py	WorldModel2026/models/dynamics/condition_encoders.py	541dd76	09e17d4fa69fae63d79151d8b5766358d485960813bc1271ee5ac19eac4489ad	stage2_continuation_code	STAGE2_CONTINUATION	COMMIT_EXACT	file selected from and validated against the named git commit
08_STAGE2_CONTINUATION/01_CODE_SNAPSHOT/models/dynamics/context_state_aggregator.py	WorldModel2026/models/dynamics/context_state_aggregator.py	541dd76	c2c09f96ae583c4204762fdcd8ce544c5c4a6abda44374d352a0ac21de86d885	stage2_continuation_code	STAGE2_CONTINUATION	COMMIT_EXACT	file selected from and validated against the named git commit
08_STAGE2_CONTINUATION/01_CODE_SNAPSHOT/models/dynamics/controlled_transition.py	WorldModel2026/models/dynamics/controlled_transition.py	541dd76	710cc8cc730780ac1c85ea5921bb289dace692abe28408e71c7e16e2888b0f7b	stage2_continuation_code	STAGE2_CONTINUATION	COMMIT_EXACT	file selected from and validated against the named git commit
08_STAGE2_CONTINUATION/01_CODE_SNAPSHOT/models/dynamics/interval_driver_encoder.py	WorldModel2026/models/dynamics/interval_driver_encoder.py	541dd76	1e681ecfbb152776cc34dd8a695c8902217d6157b2db469f0e634cc2ccafef02	stage2_continuation_code	STAGE2_CONTINUATION	COMMIT_EXACT	file selected from and validated against the named git commit
08_STAGE2_CONTINUATION/01_CODE_SNAPSHOT/models/dynamics/observation_correction.py	WorldModel2026/models/dynamics/observation_correction.py	541dd76	991a31d1b4b3018b9ddca0885c4abf9b89f4e87cdb173a9f0e42fb63e511d17c	stage2_continuation_code	STAGE2_CONTINUATION	COMMIT_EXACT	file selected from and validated against the named git commit
08_STAGE2_CONTINUATION/01_CODE_SNAPSHOT/models/dynamics/obsworld_core.py	WorldModel2026/models/dynamics/obsworld_core.py	541dd76	31c19d9a225824e63310cd62bce1ed1ce2846a3f42b7e2dd5bc9848ab4254b5b	stage2_continuation_code	STAGE2_CONTINUATION	COMMIT_EXACT	file selected from and validated against the named git commit
08_STAGE2_CONTINUATION/01_CODE_SNAPSHOT/models/dynamics/obsworld_correction.py	WorldModel2026/models/dynamics/obsworld_correction.py	541dd76	2873f55370e91f933d257e4b98c6d7c98fd69cfe28031110c684dd972576b646	stage2_continuation_code	STAGE2_CONTINUATION	COMMIT_EXACT	file selected from and validated against the named git commit
08_STAGE2_CONTINUATION/01_CODE_SNAPSHOT/models/dynamics/obsworld_direct_path.py	WorldModel2026/models/dynamics/obsworld_direct_path.py	541dd76	57d0489f66ffd6d9afd02a8c617437a6afb173fff2c5439bd0c35dd2e47cd431	stage2_continuation_code	STAGE2_CONTINUATION	COMMIT_EXACT	file selected from and validated against the named git commit
08_STAGE2_CONTINUATION/01_CODE_SNAPSHOT/models/dynamics/obsworld_factory.py	WorldModel2026/models/dynamics/obsworld_factory.py	541dd76	8355f45873fc67fdd6cfacf03c2f2a8935e7e265601653ca8a4b28d89f94371f	stage2_continuation_code	STAGE2_CONTINUATION	COMMIT_EXACT	file selected from and validated against the named git commit
08_STAGE2_CONTINUATION/01_CODE_SNAPSHOT/models/dynamics/obsworld_partition.py	WorldModel2026/models/dynamics/obsworld_partition.py	541dd76	c0c03c32162a6cf3aa47edac1506a9449d678b5b5e53b8e1dfde13ac41c00035	stage2_continuation_code	STAGE2_CONTINUATION	COMMIT_EXACT	file selected from and validated against the named git commit
08_STAGE2_CONTINUATION/01_CODE_SNAPSHOT/models/dynamics/obsworld_rollout.py	WorldModel2026/models/dynamics/obsworld_rollout.py	541dd76	5a1615227012ab47e2d101c655e40750075ea80a598e4c0204624abf602bc750	stage2_continuation_code	STAGE2_CONTINUATION	COMMIT_EXACT	file selected from and validated against the named git commit
08_STAGE2_CONTINUATION/01_CODE_SNAPSHOT/models/dynamics/obsworld_stage2.py	WorldModel2026/models/dynamics/obsworld_stage2.py	541dd76	b4d127c923ae47b2940c0ceac91e14cd3c063e541fb020dd5cd9327f513059ab	stage2_continuation_code	STAGE2_CONTINUATION	COMMIT_EXACT	file selected from and validated against the named git commit
08_STAGE2_CONTINUATION/01_CODE_SNAPSHOT/models/dynamics/partition_consistency.py	WorldModel2026/models/dynamics/partition_consistency.py	541dd76	ee72a21080b52d08306633490f886d7b129706b4a5b548a589f0bd6c6a8882b7	stage2_continuation_code	STAGE2_CONTINUATION	COMMIT_EXACT	file selected from and validated against the named git commit
08_STAGE2_CONTINUATION/01_CODE_SNAPSHOT/models/dynamics/state_dynamics_module.py	WorldModel2026/models/dynamics/state_dynamics_module.py	541dd76	904e9e3ca71d60b09331f463ac617d72cd4d7210c13988c5c8f7fe58254d58a1	stage2_continuation_code	STAGE2_CONTINUATION	COMMIT_EXACT	file selected from and validated against the named git commit
08_STAGE2_CONTINUATION/01_CODE_SNAPSHOT/models/encoders/imaging_condition_encoder.py	WorldModel2026/models/encoders/imaging_condition_encoder.py	541dd76	f8d713628b4a7d8c13e392f4f97807e00d0cd6d8a57718bdb2d2316e0e52663a	stage2_continuation_code	STAGE2_CONTINUATION	COMMIT_EXACT	file selected from and validated against the named git commit
08_STAGE2_CONTINUATION/01_CODE_SNAPSHOT/models/encoders/multimodal_vit_encoder.py	WorldModel2026/models/encoders/multimodal_vit_encoder.py	541dd76	fc7b376b701abea4b9b5d8b5ae122c9bfd01489367a2f4cbd16fe634cc771b98	stage2_continuation_code	STAGE2_CONTINUATION	COMMIT_EXACT	file selected from and validated against the named git commit
08_STAGE2_CONTINUATION/01_CODE_SNAPSHOT/models/encoders/multimodal_vit_encoder_film.py	WorldModel2026/models/encoders/multimodal_vit_encoder_film.py	541dd76	6e1d16e512abb1bc04795aaeccdfc5cd195729b07ec24557f68c87f5e0d4baf9	stage2_continuation_code	STAGE2_CONTINUATION	COMMIT_EXACT	file selected from and validated against the named git commit
08_STAGE2_CONTINUATION/01_CODE_SNAPSHOT/models/encoders/pure_imaging_condition_encoder.py	WorldModel2026/models/encoders/pure_imaging_condition_encoder.py	541dd76	9c562ccf9754f3fd3475676afade915b4d2fe85b592fa87f1c0adeed10e54ff3	stage2_continuation_code	STAGE2_CONTINUATION	COMMIT_EXACT	file selected from and validated against the named git commit
08_STAGE2_CONTINUATION/01_CODE_SNAPSHOT/models/encoders/state_projection.py	WorldModel2026/models/encoders/state_projection.py	541dd76	696e6196ee4e17f873067af6f9a97b0d963c4c38b702201ab2b31162331d0b0e	stage2_continuation_code	STAGE2_CONTINUATION	COMMIT_EXACT	file selected from and validated against the named git commit
08_STAGE2_CONTINUATION/01_CODE_SNAPSHOT/models/encoders/tiny_vit_encoder.py	WorldModel2026/models/encoders/tiny_vit_encoder.py	541dd76	70b3a1b21e378f3a6d273d3cad7866de444be76a7807b5aaa0f3dde8d914a99c	stage2_continuation_code	STAGE2_CONTINUATION	COMMIT_EXACT	file selected from and validated against the named git commit
08_STAGE2_CONTINUATION/01_CODE_SNAPSHOT/models/losses/earthnet_forecasting.py	WorldModel2026/models/losses/earthnet_forecasting.py	541dd76	ab411795c68c62660a535c286d861a0b628bc8dc310623bf261a61f8f9f4e649	stage2_continuation_code	STAGE2_CONTINUATION	COMMIT_EXACT	file selected from and validated against the named git commit
08_STAGE2_CONTINUATION/01_CODE_SNAPSHOT/run_stage2_earthnet.sh	WorldModel2026/run_stage2_earthnet.sh	541dd76	4903f55ddf1d3eab20b15e458640fc963dcb4e78c94d35338d23974311e40f74	stage2_continuation_code	STAGE2_CONTINUATION	COMMIT_EXACT	file selected from and validated against the named git commit
08_STAGE2_CONTINUATION/01_CODE_SNAPSHOT/scripts/aprime_post_training_runbook.sh	WorldModel2026/scripts/aprime_post_training_runbook.sh	541dd76	5b3b4c97a2acd1a0beac0284ca0c90fefaf421b584fb8db8933ad24237bcd32d	stage2_continuation_code	STAGE2_CONTINUATION	COMMIT_EXACT	file selected from and validated against the named git commit
08_STAGE2_CONTINUATION/01_CODE_SNAPSHOT/scripts/preflight_stage2_earthnet.py	WorldModel2026/scripts/preflight_stage2_earthnet.py	541dd76	fadb4704c1808ae58732c7a98da6ab1a362e8ed5eafd94e8a0fbd34a565051a5	stage2_continuation_code	STAGE2_CONTINUATION	COMMIT_EXACT	file selected from and validated against the named git commit
08_STAGE2_CONTINUATION/01_CODE_SNAPSHOT/scripts/run_stage2_table1_greenearthnet_oodt.sh	WorldModel2026/scripts/run_stage2_table1_greenearthnet_oodt.sh	541dd76	d4ea24a6f7e39571a2307c5095ad3f7a26720ae37dafde4a8efda58e0f26d956	stage2_continuation_code	STAGE2_CONTINUATION	COMMIT_EXACT	file selected from and validated against the named git commit
08_STAGE2_CONTINUATION/01_CODE_SNAPSHOT/scripts/smoke_a_metric_v1_backward.py	WorldModel2026/scripts/smoke_a_metric_v1_backward.py	541dd76	2de50be577dfad8e0b81c6b6bd3e908425f61c313d8643e2fe2d118f08198ee5	stage2_continuation_code	STAGE2_CONTINUATION	COMMIT_EXACT	file selected from and validated against the named git commit
08_STAGE2_CONTINUATION/01_CODE_SNAPSHOT/scripts/smoke_plan_a_prime.py	WorldModel2026/scripts/smoke_plan_a_prime.py	541dd76	72d42414eba90c9b77deee39ee9e9426a0e8dffc548df4cc877673442a5e8d2a	stage2_continuation_code	STAGE2_CONTINUATION	COMMIT_EXACT	file selected from and validated against the named git commit
08_STAGE2_CONTINUATION/01_CODE_SNAPSHOT/tests/test_aprime_eval.py	WorldModel2026/tests/test_aprime_eval.py	541dd76	efa9a282987226bad5e1eb43f5813f571fdc7d5ea5cff90fd807c195a04a081e	stage2_continuation_code	STAGE2_CONTINUATION	COMMIT_EXACT	file selected from and validated against the named git commit
08_STAGE2_CONTINUATION/01_CODE_SNAPSHOT/tests/test_obsworld_direct_path.py	WorldModel2026/tests/test_obsworld_direct_path.py	541dd76	c3d750b50fea55d3c35b2cdf13442a8c52ff453a2068345fdc85058227934f0d	stage2_continuation_code	STAGE2_CONTINUATION	COMMIT_EXACT	file selected from and validated against the named git commit
08_STAGE2_CONTINUATION/01_CODE_SNAPSHOT/tests/test_stage2_components.py	WorldModel2026/tests/test_stage2_components.py	541dd76	eea0c18f6c12aec983d1cfe0908b3402d659cbea106ac68874405f3d038238b5	stage2_continuation_code	STAGE2_CONTINUATION	COMMIT_EXACT	file selected from and validated against the named git commit
08_STAGE2_CONTINUATION/01_CODE_SNAPSHOT/tests/test_stage2_v2_contract.py	WorldModel2026/tests/test_stage2_v2_contract.py	541dd76	d23120609250f8eb6bbaf26699498dc0543fd88a61b609ff96e9882654e8137a	stage2_continuation_code	STAGE2_CONTINUATION	COMMIT_EXACT	file selected from and validated against the named git commit
08_STAGE2_CONTINUATION/01_CODE_SNAPSHOT/tests/test_stage2_v2_training_utils.py	WorldModel2026/tests/test_stage2_v2_training_utils.py	541dd76	1e63e42b819842424fcdc891db8b0757ea2fcf3aecacc996dce28317ac970df0	stage2_continuation_code	STAGE2_CONTINUATION	COMMIT_EXACT	file selected from and validated against the named git commit
08_STAGE2_CONTINUATION/01_CODE_SNAPSHOT/train/fsdp_utils.py	WorldModel2026/train/fsdp_utils.py	541dd76	695d162c7d180c0ceccfb260c62a7cb619e00258ad8c0ddd3df60b9c6f9a3427	stage2_continuation_code	STAGE2_CONTINUATION	COMMIT_EXACT	file selected from and validated against the named git commit
08_STAGE2_CONTINUATION/01_CODE_SNAPSHOT/train/observation_correction_schedule.py	WorldModel2026/train/observation_correction_schedule.py	541dd76	6da813c6aeaecc84df3b77e0a074bef38ae4dd5e9ffe6cfcf6261cfe7fe64bdc	stage2_continuation_code	STAGE2_CONTINUATION	COMMIT_EXACT	file selected from and validated against the named git commit
08_STAGE2_CONTINUATION/01_CODE_SNAPSHOT/train/stage2_checkpoint.py	WorldModel2026/train/stage2_checkpoint.py	541dd76	9492af863519655c3c11d3e7c735ac8856cd49ed3da20c5b4202515528d4fdb1	stage2_continuation_code	STAGE2_CONTINUATION	COMMIT_EXACT	file selected from and validated against the named git commit
08_STAGE2_CONTINUATION/01_CODE_SNAPSHOT/train/stage2_curriculum.py	WorldModel2026/train/stage2_curriculum.py	541dd76	aa5e92c1262fda16940bea04b42f45c58b3372f9ca826b0ec34a4ea49e4eacb1	stage2_continuation_code	STAGE2_CONTINUATION	COMMIT_EXACT	file selected from and validated against the named git commit
08_STAGE2_CONTINUATION/01_CODE_SNAPSHOT/train/stage2_provenance.py	WorldModel2026/train/stage2_provenance.py	541dd76	3bce450bdb60b94467ef1216565fe2cfb31a62293c9c40eaa610f9c7f90f9868	stage2_continuation_code	STAGE2_CONTINUATION	COMMIT_EXACT	file selected from and validated against the named git commit
08_STAGE2_CONTINUATION/01_CODE_SNAPSHOT/train/train_stage2_earthnet.py	WorldModel2026/train/train_stage2_earthnet.py	541dd76	7594acabc88da270d4c47c26fb995b1e563f1f8366a11711d13a5ba77fa5c771	stage2_continuation_code	STAGE2_CONTINUATION	COMMIT_EXACT	file selected from and validated against the named git commit
08_STAGE2_CONTINUATION/02_RELATED_DOCUMENTS/00_STAGE2_EARTHNET_RUNBOOK.md	WorldModel2026/STAGE2_EARTHNET_RUNBOOK.md	working-tree/artifact snapshot	f190e77e0829e712709bdbce6829b641f0c219d2c09561cd9123d34d929bb0bc	stage2_continuation	STAGE2_CONTINUATION	HISTORICAL_SNAPSHOT	retained historical artifact whose current working-tree source is absent or has diverged
08_STAGE2_CONTINUATION/02_RELATED_DOCUMENTS/14_Stage1.5_与_Stage2_代码实现报告.md	WorldModel2026/任务描述相关/14_Stage1.5_与_Stage2_代码实现报告.md	working-tree/artifact snapshot	cbd83d318e1a26760b3a6f69dc125f629feef1e0d52caf917a81aca53dd60559	stage2_continuation	STAGE2_CONTINUATION	HISTORICAL_SNAPSHOT	retained historical artifact whose current working-tree source is absent or has diverged
08_STAGE2_CONTINUATION/02_RELATED_DOCUMENTS/23_ObsWorld完整方法框架与Stage2动力学算法设计.md	WorldModel2026/任务描述相关/23_ObsWorld完整方法框架与Stage2动力学算法设计.md	working-tree/artifact snapshot	bf06ed2d999ef5bfcecc662cdf76113afe152bf2c2daae157104c6a7233dbc00	stage2_continuation	STAGE2_CONTINUATION	HISTORICAL_SNAPSHOT	retained historical artifact whose current working-tree source is absent or has diverged
08_STAGE2_CONTINUATION/02_RELATED_DOCUMENTS/47_ObsWorld_Stage2正式代码技术指导与实现规范_20260716.md	WorldModel2026/思路整理进展/47_ObsWorld_Stage2正式代码技术指导与实现规范_20260716.md	working-tree/artifact snapshot	dcb067ac5b447726f399520ae7555b8395d7d6277ecf363aed088250f980ea45	stage2_continuation	STAGE2_CONTINUATION	EXACT_COPY	selected artifact copied byte-for-byte from the matched source
08_STAGE2_CONTINUATION/02_RELATED_DOCUMENTS/50_ObsWorld整体框架与Stage2完成度审计_20260716.md	WorldModel2026/思路整理进展/50_ObsWorld整体框架与Stage2完成度审计_20260716.md	working-tree/artifact snapshot	ef6364b8872faf148a9ad4d826a63ca532b95a7e8aac475def36b0d5d31218c3	stage2_continuation	STAGE2_CONTINUATION	EXACT_COPY	selected artifact copied byte-for-byte from the matched source
08_STAGE2_CONTINUATION/02_RELATED_DOCUMENTS/59_ObsWorld_Stage2当前问题_证据缺口与代码约束汇总_20260717.md	WorldModel2026/思路整理进展/59_ObsWorld_Stage2当前问题_证据缺口与代码约束汇总_20260717.md	working-tree/artifact snapshot	1067d7f7949ce14fd990079bc11b5792668678c0cad8ece05ee5d8ae4b1eff2a	stage2_continuation	STAGE2_CONTINUATION	EXACT_COPY	selected artifact copied byte-for-byte from the matched source
08_STAGE2_CONTINUATION/02_RELATED_DOCUMENTS/65_ObsWorld_Stage2_状态同步_代码缺口与后续实验决策_20260718.md	WorldModel2026/思路整理进展/65_ObsWorld_Stage2_状态同步_代码缺口与后续实验决策_20260718.md	working-tree/artifact snapshot	48cf67b91bfcf3aa592832b1dfdf391f8a01d63e600e93edcde7368a8c0a84ab	stage2_continuation	STAGE2_CONTINUATION	EXACT_COPY	selected artifact copied byte-for-byte from the matched source
08_STAGE2_CONTINUATION/02_RELATED_DOCUMENTS/74_方案A执行引导_ObsWorld_Stage2v3_ViTS_plan-a-vits_20260722.md	WorldModel2026/思路整理进展/74_方案A执行引导_ObsWorld_Stage2v3_ViTS_plan-a-vits_20260722.md	working-tree/artifact snapshot	376669e4094855c65662f38ae9c033fb6bd6034ee1e33425b2dca21f846e1617	stage2_continuation	STAGE2_CONTINUATION	EXACT_COPY	selected artifact copied byte-for-byte from the matched source
08_STAGE2_CONTINUATION/02_RELATED_DOCUMENTS/85_方案A_prime_静态审计_精度对齐修复方案_plan-a-vits_20260723.md	WorldModel2026/思路整理进展/85_方案A_prime_静态审计_精度对齐修复方案_plan-a-vits_20260723.md	working-tree/artifact snapshot	83f64f96d5a5de9edb0d6021577a9d11c6e4c16e1a775ea0a0243b6241ecfd41	stage2_continuation	STAGE2_CONTINUATION	HISTORICAL_SNAPSHOT	retained historical artifact whose current working-tree source is absent or has diverged
08_STAGE2_CONTINUATION/03_KEY_WEIGHTS/README.md	generated_in_curated_archive	n/a	9d14f4b46737d3fc0d65a2a672192afde7f75fd065f1d28ad079cd41e0f07dc1	stage2_weight_provenance	STAGE2_CONTINUATION	GENERATED	curation navigation, validation, provenance, or derived index
08_STAGE2_CONTINUATION/03_KEY_WEIGHTS/STRICT_LOAD_VALIDATION.txt	generated_in_curated_archive	n/a	7151f0c48537c0c4ec277c5978be0381761fc4c2cc359c4d31af1114602ccb87	stage2_weight_provenance	STAGE2_CONTINUATION	GENERATED	curation navigation, validation, provenance, or derived index
08_STAGE2_CONTINUATION/03_KEY_WEIGHTS/direct_physical4/checkpoint_best.pt	WorldModel2026/checkpoints_pulled/direct-p4/checkpoint_best.pt	working-tree/artifact snapshot	1158ffe6644e6a05345cba3fa56ee73af8d1390a2eb078b4b0bc3a94746f91d2	stage2_key_weight	STAGE2_CONTINUATION	EXACT_COPY	selected artifact copied byte-for-byte from the matched source
08_STAGE2_CONTINUATION/03_KEY_WEIGHTS/plan_a_s1a_full24/README.md	generated_in_curated_archive	n/a	e91eed53f151de489df219bbf657d2690b5d61ad95ca808bc8d201715c74c53c	stage2_weight_provenance	STAGE2_CONTINUATION	GENERATED	provenance and strict-load summary for Plan-A full24 best
08_STAGE2_CONTINUATION/03_KEY_WEIGHTS/plan_a_s1a_full24/checkpoint_best.pt	github-private-release://fuchen0614-oss/WorldModel2026-weights/releases/tag/plan-a-s1a-full24#checkpoint_best.pt	release:plan-a-s1a-full24; checkpoint-code:d8d2181d1a4d61056c470f85881fdfa907fc210f	2a0a465fe4d4a148a493954a8acc63b0e6e55896b12631cf3bd9efa08440fad5	stage2_key_weight	STAGE2_CONTINUATION	RELEASE_ASSET	final validation-selected Plan-A S1a full24 checkpoint
08_STAGE2_CONTINUATION/03_KEY_WEIGHTS/rollout_physical4/checkpoint_best.pt	WorldModel2026/checkpoints_pulled/rollout-p4/checkpoint_best.pt	working-tree/artifact snapshot	8908c62e40b6f71d7ca45aa74047ba2e0c719ea4bc2db7d9cef41587510ead31	stage2_key_weight	STAGE2_CONTINUATION	EXACT_COPY	selected artifact copied byte-for-byte from the matched source
08_STAGE2_CONTINUATION/04_KEY_RESULTS/README.md	generated_in_curated_archive	n/a	49a4bed0ab8023ce2a526db1bb98e0062b29c2434f945074dcb2ef4afc6254b6	stage2_result_index	STAGE2_CONTINUATION	GENERATED	curation navigation, validation, provenance, or derived index
08_STAGE2_CONTINUATION/04_KEY_RESULTS/direct_physical4/metrics_en21x.csv	WorldModel2026/evaluations/greenearthnet_oodt_20260719_214234/direct-p4/oodt_chopped/score/metrics_en21x.csv	working-tree/artifact snapshot	535657dcbc41390f21e29d3ba4b99a6de6e6a318c1f662c45ff6055e8c0509a5	stage2_key_result	STAGE2_CONTINUATION	EXACT_COPY	selected artifact copied byte-for-byte from the matched source
08_STAGE2_CONTINUATION/04_KEY_RESULTS/direct_physical4/metrics_en21x.json	WorldModel2026/evaluations/greenearthnet_oodt_20260719_214234/direct-p4/oodt_chopped/score/metrics_en21x.json	working-tree/artifact snapshot	4db6d9793e1cd1c00909388d93f1911f886f51602a2d28fe44e12a30249a2846	stage2_key_result	STAGE2_CONTINUATION	EXACT_COPY	selected artifact copied byte-for-byte from the matched source
08_STAGE2_CONTINUATION/04_KEY_RESULTS/direct_physical4/score_provenance.json	WorldModel2026/evaluations/greenearthnet_oodt_20260719_214234/direct-p4/oodt_chopped/score/score_provenance.json	working-tree/artifact snapshot	1f7f763144ad21fb052d876ab2f9af5c60b11fdc5e30879b277ed0db5855a4f9	stage2_key_result	STAGE2_CONTINUATION	EXACT_COPY	selected artifact copied byte-for-byte from the matched source
08_STAGE2_CONTINUATION/04_KEY_RESULTS/protocol/greenearthnet_oodt_chopped_manifest.json	WorldModel2026/evaluations/greenearthnet_oodt_20260719_214234/greenearthnet_oodt_chopped_manifest.json	working-tree/artifact snapshot	58c8d64897193e9cffff5bc6c8524909707ebae5376b5d4dee68597ef08e1e49	stage2_key_result	STAGE2_CONTINUATION	EXACT_COPY	selected artifact copied byte-for-byte from the matched source
08_STAGE2_CONTINUATION/04_KEY_RESULTS/rollout_physical4/metrics_en21x.csv	WorldModel2026/evaluations/greenearthnet_oodt_20260719_214234/rollout-p4/oodt_chopped/score/metrics_en21x.csv	working-tree/artifact snapshot	3f81e65f59110667d9c3ff26af435f29100617bc677266ecc58ba7b30337be3d	stage2_key_result	STAGE2_CONTINUATION	EXACT_COPY	selected artifact copied byte-for-byte from the matched source
08_STAGE2_CONTINUATION/04_KEY_RESULTS/rollout_physical4/metrics_en21x.json	WorldModel2026/evaluations/greenearthnet_oodt_20260719_214234/rollout-p4/oodt_chopped/score/metrics_en21x.json	working-tree/artifact snapshot	9911c851cce4c6097c4633730f29857b5fc68ef6071296d8776ce1e583f7e978	stage2_key_result	STAGE2_CONTINUATION	EXACT_COPY	selected artifact copied byte-for-byte from the matched source
08_STAGE2_CONTINUATION/04_KEY_RESULTS/rollout_physical4/score_provenance.json	WorldModel2026/evaluations/greenearthnet_oodt_20260719_214234/rollout-p4/oodt_chopped/score/score_provenance.json	working-tree/artifact snapshot	c4d849c779bb10b25b5c562081e51dc3cdeeb7021cca136e1296ba1104ffad19	stage2_key_result	STAGE2_CONTINUATION	EXACT_COPY	selected artifact copied byte-for-byte from the matched source
08_STAGE2_CONTINUATION/COMMIT_AND_IMPORT_VALIDATION.txt	generated_in_curated_archive	n/a	29a4ac87bf1b92d0aede75de7618414ea19a9b7dccf3f09e60785d1af070a887	stage2_continuation	STAGE2_CONTINUATION	GENERATED	curation navigation, validation, provenance, or derived index
08_STAGE2_CONTINUATION/README.md	generated_in_curated_archive	n/a	b69a5f136cf9bb8e7bbb67644bcc72126462dc61c097d883bff0b4a6757d5bef	stage2_continuation	STAGE2_CONTINUATION	GENERATED	curation navigation, validation, provenance, or derived index
08_STAGE2_CONTINUATION/RELATED_DOCUMENT_INDEX.md	generated_in_curated_archive	n/a	a9dd5a5f67e99ea2bf7ce46a5e79e733ca50eba2bb3ca7e0b59e245a55ff2cfa	stage2_continuation	STAGE2_CONTINUATION	GENERATED	curation navigation, validation, provenance, or derived index
08_STAGE2_CONTINUATION/RUN_FROM_SNAPSHOT.md	generated_in_curated_archive	n/a	27a568414dd0f08d994b8264972702804b83ae7a8c41d2d4b736d63e8bbf01b8	stage2_continuation	STAGE2_CONTINUATION	GENERATED	curation navigation, validation, provenance, or derived index
08_STAGE2_CONTINUATION/STATUS_AND_RECOMMENDATION.md	generated_in_curated_archive	n/a	22a160d0ca951c60da58c25878b59e5d4eda1df1ea3f0ce17208367131aed286	stage2_continuation	STAGE2_CONTINUATION	GENERATED	curation navigation, validation, provenance, or derived index
08_STAGE2_CONTINUATION/VALIDATION.txt	generated_in_curated_archive	n/a	b29b42e42be284c8572ab048b0181b1f7cca7295a021f2c9110c59f13a8b821c	stage2_continuation	STAGE2_CONTINUATION	GENERATED	curation navigation, validation, provenance, or derived index
09_LONG_TERM_VISION/72_ObsWorld叙事母稿与AAAI27正文蓝图_锁定版_20260722.md	WorldModel2026/思路整理进展/72_ObsWorld叙事母稿与AAAI27正文蓝图_锁定版_20260722.md	working-tree/artifact snapshot	15d2ff51818b8bf0b947510b017d8038e142b655f21ad60e07240cf8fd25abd9	long_term_vision	LONG_TERM_FUTURE_WORK	EXACT_COPY	selected artifact copied byte-for-byte from the matched source
09_LONG_TERM_VISION/73_ObsWorld统一世界模型设计_S1云鲁棒_后续venue_20260722.md	WorldModel2026/思路整理进展/73_ObsWorld统一世界模型设计_S1云鲁棒_后续venue_20260722.md	working-tree/artifact snapshot	af4b239871a50f042fc61474f1a697dde36ec744d8700d5e06ed4f2b4c007187	long_term_vision	LONG_TERM_FUTURE_WORK	EXACT_COPY	selected artifact copied byte-for-byte from the matched source
09_LONG_TERM_VISION/README.md	generated_in_curated_archive	n/a	0c52e4be4024a0010820faf225b1b160cae1bf1fe3228dceb7507398ad5280fb	long_term_vision	LONG_TERM_FUTURE_WORK	GENERATED	curation navigation, validation, provenance, or derived index
README.md	generated_in_curated_archive	n/a	620f913d07b15cd39c027dabdab13a44fb794f90dfc0945ceba70705f7329881	navigation_or_audit	CURATION_META	GENERATED	curation navigation, validation, provenance, or derived index
