relative_path,bytes
OVERVIEW.md,8011
README.md,798
references/A13_TerraState_science_mainline.md,36355
references/A14B_first_dataset_eval_spec.md,30512
references/A14_training_contract.md,21145
references/OVERVIEW_母稿_20260912T112243Z.md,77076
references/REVIEW_A13_A14_TIP_narrative_advice_20260908.md,24406
references/TRACEABILITY_CHECK.md,5241
references/文案修订说明.md,16016
reports/DATA_AND_STRUCTURE_ACCEPTANCE.md,3141
reports/FIGURE_CAPTIONS_ZH.md,3586
reports/FIGURE_READING_AND_INTERPRETATION_ZH.md,8499
reports/FINAL_SCIENTIFIC_AND_VISUAL_QA.md,2555
reports/FROZEN_GAPS_AND_EXCLUSIONS.md,3378
reports/FROZEN_PAIRING_CHECK.md,3299
reports/FROZEN_VALIDATION_REPORT.md,6411
reports/archive_previous_round/ROUND2_SCIENTIFIC_AND_VISUAL_QA.md,1419
reports/archive_previous_round/ROUND2_VISUAL_REVISION.md,643
reports/archive_previous_round/VISUAL_ACCEPTANCE.md,798
图1_科学问题框架/ANALYSIS_ZH.md,756
图1_科学问题框架/CAPTION_ZH.md,249
图1_科学问题框架/README.md,320
图1_科学问题框架/code/README.md,130
图1_科学问题框架/framework.md,802
图1_科学问题框架/selected_manifest.csv,26
图1_科学问题框架/selection.csv,64
图1_科学问题框架/source_manifest.csv,342
图2_方法与监督框架/ANALYSIS_ZH.md,712
图2_方法与监督框架/CAPTION_ZH.md,264
图2_方法与监督框架/README.md,309
图2_方法与监督框架/code/README.md,130
图2_方法与监督框架/framework.md,815
图2_方法与监督框架/selected_manifest.csv,26
图2_方法与监督框架/selection.csv,64
图2_方法与监督框架/source_manifest.csv,354
图3_标准空间预测/ANALYSIS_ZH.md,1003
图3_标准空间预测/CAPTION_ZH.md,511
图3_标准空间预测/README.md,496
图3_标准空间预测/alternatives/图3_标准预测_P42_完整对照_A.pdf,316881
图3_标准空间预测/alternatives/图3_标准预测_P42_完整对照_A.png,1032791
图3_标准空间预测/alternatives/图3_标准预测_P42_完整对照_B.pdf,363824
图3_标准空间预测/alternatives/图3_标准预测_P42_完整对照_B.png,1424378
图3_标准空间预测/candidates/P01_browse.pdf,220928
图3_标准空间预测/candidates/P01_browse.png,464637
图3_标准空间预测/candidates/P01_detail.pdf,206999
图3_标准空间预测/candidates/P01_detail.png,520544
图3_标准空间预测/candidates/P02_browse.pdf,242109
图3_标准空间预测/candidates/P02_browse.png,503308
图3_标准空间预测/candidates/P02_detail.pdf,236066
图3_标准空间预测/candidates/P02_detail.png,618672
图3_标准空间预测/candidates/P03_browse.pdf,222275
图3_标准空间预测/candidates/P03_browse.png,476835
图3_标准空间预测/candidates/P03_detail.pdf,293121
图3_标准空间预测/candidates/P03_detail.png,620579
图3_标准空间预测/candidates/P04_browse.pdf,176197
图3_标准空间预测/candidates/P04_browse.png,416760
图3_标准空间预测/candidates/P04_detail.pdf,50531
图3_标准空间预测/candidates/P04_detail.png,218393
图3_标准空间预测/candidates/P05_browse.pdf,182984
图3_标准空间预测/candidates/P05_browse.png,425867
图3_标准空间预测/candidates/P05_detail.pdf,190121
图3_标准空间预测/candidates/P05_detail.png,541808
图3_标准空间预测/candidates/P06_browse.pdf,238272
图3_标准空间预测/candidates/P06_browse.png,529812
图3_标准空间预测/candidates/P06_detail.pdf,283205
图3_标准空间预测/candidates/P06_detail.png,751418
图3_标准空间预测/candidates/P07_browse.pdf,240851
图3_标准空间预测/candidates/P07_browse.png,521371
图3_标准空间预测/candidates/P07_detail.pdf,240262
图3_标准空间预测/candidates/P07_detail.png,668905
图3_标准空间预测/candidates/P08_browse.pdf,231141
图3_标准空间预测/candidates/P08_browse.png,446612
图3_标准空间预测/candidates/P08_detail.pdf,335183
图3_标准空间预测/candidates/P08_detail.png,757204
图3_标准空间预测/candidates/P09_browse.pdf,250993
图3_标准空间预测/candidates/P09_browse.png,519045
图3_标准空间预测/candidates/P09_detail.pdf,152194
图3_标准空间预测/candidates/P09_detail.png,470355
图3_标准空间预测/candidates/P10_browse.pdf,250745
图3_标准空间预测/candidates/P10_browse.png,536224
图3_标准空间预测/candidates/P10_detail.pdf,157698
图3_标准空间预测/candidates/P10_detail.png,486431
图3_标准空间预测/candidates/P11_browse.pdf,214543
图3_标准空间预测/candidates/P11_browse.png,428360
图3_标准空间预测/candidates/P11_detail.pdf,232270
图3_标准空间预测/candidates/P11_detail.png,516014
图3_标准空间预测/candidates/P12_browse.pdf,201152
图3_标准空间预测/candidates/P12_browse.png,418260
图3_标准空间预测/candidates/P12_detail.pdf,220533
图3_标准空间预测/candidates/P12_detail.png,547253
图3_标准空间预测/candidates/P13_browse.pdf,196446
图3_标准空间预测/candidates/P13_browse.png,408734
图3_标准空间预测/candidates/P13_detail.pdf,153747
图3_标准空间预测/candidates/P13_detail.png,407391
图3_标准空间预测/candidates/P14_browse.pdf,220597
图3_标准空间预测/candidates/P14_browse.png,501396
图3_标准空间预测/candidates/P14_detail.pdf,69315
图3_标准空间预测/candidates/P14_detail.png,256608
图3_标准空间预测/candidates/P15_browse.pdf,236532
图3_标准空间预测/candidates/P15_browse.png,448058
图3_标准空间预测/candidates/P15_detail.pdf,175969
图3_标准空间预测/candidates/P15_detail.png,499628
图3_标准空间预测/candidates/P16_browse.pdf,244766
图3_标准空间预测/candidates/P16_browse.png,481368
图3_标准空间预测/candidates/P16_detail.pdf,432705
图3_标准空间预测/candidates/P16_detail.png,825240
图3_标准空间预测/candidates/P17_browse.pdf,214169
图3_标准空间预测/candidates/P17_browse.png,509785
图3_标准空间预测/candidates/P17_detail.pdf,70828
图3_标准空间预测/candidates/P17_detail.png,263608
图3_标准空间预测/candidates/P18_browse.pdf,189204
图3_标准空间预测/candidates/P18_browse.png,472195
图3_标准空间预测/candidates/P18_detail.pdf,205877
图3_标准空间预测/candidates/P18_detail.png,609883
图3_标准空间预测/candidates/P19_browse.pdf,221061
图3_标准空间预测/candidates/P19_browse.png,461346
图3_标准空间预测/candidates/P19_detail.pdf,84296
图3_标准空间预测/candidates/P19_detail.png,263426
图3_标准空间预测/candidates/P20_browse.pdf,208226
图3_标准空间预测/candidates/P20_browse.png,423891
图3_标准空间预测/candidates/P20_detail.pdf,120528
图3_标准空间预测/candidates/P20_detail.png,391350
图3_标准空间预测/candidates/P21_browse.pdf,245887
图3_标准空间预测/candidates/P21_browse.png,524415
图3_标准空间预测/candidates/P21_detail.pdf,111805
图3_标准空间预测/candidates/P21_detail.png,380908
图3_标准空间预测/candidates/P22_browse.pdf,202328
图3_标准空间预测/candidates/P22_browse.png,456468
图3_标准空间预测/candidates/P22_detail.pdf,203442
图3_标准空间预测/candidates/P22_detail.png,594785
图3_标准空间预测/candidates/P23_browse.pdf,271588
图3_标准空间预测/candidates/P23_browse.png,526346
图3_标准空间预测/candidates/P23_detail.pdf,285587
图3_标准空间预测/candidates/P23_detail.png,634205
图3_标准空间预测/candidates/P24_browse.pdf,283633
图3_标准空间预测/candidates/P24_browse.png,579581
图3_标准空间预测/candidates/P24_detail.pdf,367951
图3_标准空间预测/candidates/P24_detail.png,768289
图3_标准空间预测/candidates/P25_browse.pdf,196117
图3_标准空间预测/candidates/P25_browse.png,424074
图3_标准空间预测/candidates/P25_detail.pdf,133103
图3_标准空间预测/candidates/P25_detail.png,365401
图3_标准空间预测/candidates/P26_browse.pdf,209866
图3_标准空间预测/candidates/P26_browse.png,413686
图3_标准空间预测/candidates/P26_detail.pdf,139117
图3_标准空间预测/candidates/P26_detail.png,400671
图3_标准空间预测/candidates/P27_browse.pdf,190455
图3_标准空间预测/candidates/P27_browse.png,425107
图3_标准空间预测/candidates/P27_detail.pdf,177935
图3_标准空间预测/candidates/P27_detail.png,506244
图3_标准空间预测/candidates/P28_browse.pdf,212851
图3_标准空间预测/candidates/P28_browse.png,468901
图3_标准空间预测/candidates/P28_detail.pdf,138644
图3_标准空间预测/candidates/P28_detail.png,404108
图3_标准空间预测/candidates/P29_browse.pdf,215958
图3_标准空间预测/candidates/P29_browse.png,475312
图3_标准空间预测/candidates/P29_detail.pdf,284788
图3_标准空间预测/candidates/P29_detail.png,692103
图3_标准空间预测/candidates/P30_browse.pdf,195492
图3_标准空间预测/candidates/P30_browse.png,461410
图3_标准空间预测/candidates/P30_detail.pdf,185151
图3_标准空间预测/candidates/P30_detail.png,549423
图3_标准空间预测/candidates/P31_browse.pdf,237565
图3_标准空间预测/candidates/P31_browse.png,479135
图3_标准空间预测/candidates/P31_detail.pdf,240096
图3_标准空间预测/candidates/P31_detail.png,622383
图3_标准空间预测/candidates/P32_browse.pdf,158474
图3_标准空间预测/candidates/P32_browse.png,336421
图3_标准空间预测/candidates/P32_detail.pdf,235129
图3_标准空间预测/candidates/P32_detail.png,570742
图3_标准空间预测/candidates/P33_browse.pdf,268121
图3_标准空间预测/candidates/P33_browse.png,530245
图3_标准空间预测/candidates/P33_detail.pdf,249167
图3_标准空间预测/candidates/P33_detail.png,637083
图3_标准空间预测/candidates/P34_browse.pdf,239217
图3_标准空间预测/candidates/P34_browse.png,470208
图3_标准空间预测/candidates/P34_detail.pdf,256707
图3_标准空间预测/candidates/P34_detail.png,613354
图3_标准空间预测/candidates/P35_browse.pdf,244301
图3_标准空间预测/candidates/P35_browse.png,486870
图3_标准空间预测/candidates/P35_detail.pdf,321590
图3_标准空间预测/candidates/P35_detail.png,688334
图3_标准空间预测/candidates/P36_browse.pdf,240502
图3_标准空间预测/candidates/P36_browse.png,471771
图3_标准空间预测/candidates/P36_detail.pdf,170129
图3_标准空间预测/candidates/P36_detail.png,444312
图3_标准空间预测/candidates/P37_browse.pdf,254310
图3_标准空间预测/candidates/P37_browse.png,496110
图3_标准空间预测/candidates/P37_detail.pdf,423103
图3_标准空间预测/candidates/P37_detail.png,764470
图3_标准空间预测/candidates/P38_browse.pdf,234401
图3_标准空间预测/candidates/P38_browse.png,474592
图3_标准空间预测/candidates/P38_detail.pdf,280822
图3_标准空间预测/candidates/P38_detail.png,607936
图3_标准空间预测/candidates/P39_browse.pdf,235305
图3_标准空间预测/candidates/P39_browse.png,454749
图3_标准空间预测/candidates/P39_detail.pdf,180837
图3_标准空间预测/candidates/P39_detail.png,425613
图3_标准空间预测/candidates/P40_browse.pdf,270510
图3_标准空间预测/candidates/P40_browse.png,547218
图3_标准空间预测/candidates/P40_detail.pdf,368982
图3_标准空间预测/candidates/P40_detail.png,835118
图3_标准空间预测/candidates/P41_browse.pdf,241221
图3_标准空间预测/candidates/P41_browse.png,456553
图3_标准空间预测/candidates/P41_detail.pdf,229141
图3_标准空间预测/candidates/P41_detail.png,511144
图3_标准空间预测/candidates/P42_browse.pdf,227132
图3_标准空间预测/candidates/P42_browse.png,432329
图3_标准空间预测/candidates/P42_detail.pdf,277371
图3_标准空间预测/candidates/P42_detail.png,633921
图3_标准空间预测/candidates/P43_browse.pdf,234970
图3_标准空间预测/candidates/P43_browse.png,503736
图3_标准空间预测/candidates/P43_detail.pdf,329652
图3_标准空间预测/candidates/P43_detail.png,717877
图3_标准空间预测/candidates/P44_browse.pdf,284197
图3_标准空间预测/candidates/P44_browse.png,572446
图3_标准空间预测/candidates/P44_detail.pdf,443870
图3_标准空间预测/candidates/P44_detail.png,907567
图3_标准空间预测/candidates/P45_browse.pdf,233889
图3_标准空间预测/candidates/P45_browse.png,500392
图3_标准空间预测/candidates/P45_detail.pdf,197036
图3_标准空间预测/candidates/P45_detail.png,501070
图3_标准空间预测/candidates/P46_browse.pdf,286905
图3_标准空间预测/candidates/P46_browse.png,565647
图3_标准空间预测/candidates/P46_detail.pdf,423364
图3_标准空间预测/candidates/P46_detail.png,923189
图3_标准空间预测/candidates/P47_browse.pdf,243751
图3_标准空间预测/candidates/P47_browse.png,488218
图3_标准空间预测/candidates/P47_detail.pdf,155297
图3_标准空间预测/candidates/P47_detail.png,482833
图3_标准空间预测/candidates/P48_browse.pdf,208457
图3_标准空间预测/candidates/P48_browse.png,441376
图3_标准空间预测/candidates/P48_detail.pdf,377888
图3_标准空间预测/candidates/P48_detail.png,767866
图3_标准空间预测/candidates/P49_browse.pdf,257588
图3_标准空间预测/candidates/P49_browse.png,537663
图3_标准空间预测/candidates/P49_detail.pdf,330740
图3_标准空间预测/candidates/P49_detail.png,684006
图3_标准空间预测/candidates/P50_browse.pdf,238285
图3_标准空间预测/candidates/P50_browse.png,542745
图3_标准空间预测/candidates/P50_detail.pdf,216970
图3_标准空间预测/candidates/P50_detail.png,644358
图3_标准空间预测/candidates/P51_browse.pdf,207301
图3_标准空间预测/candidates/P51_browse.png,391205
图3_标准空间预测/candidates/P51_detail.pdf,147511
图3_标准空间预测/candidates/P51_detail.png,427733
图3_标准空间预测/candidates/P52_browse.pdf,228835
图3_标准空间预测/candidates/P52_browse.png,477093
图3_标准空间预测/candidates/P52_detail.pdf,332663
图3_标准空间预测/candidates/P52_detail.png,804680
图3_标准空间预测/candidates/P53_browse.pdf,249231
图3_标准空间预测/candidates/P53_browse.png,524079
图3_标准空间预测/candidates/P53_detail.pdf,346605
图3_标准空间预测/candidates/P53_detail.png,714090
图3_标准空间预测/candidates/P54_browse.pdf,244286
图3_标准空间预测/candidates/P54_browse.png,492345
图3_标准空间预测/candidates/P54_detail.pdf,214402
图3_标准空间预测/candidates/P54_detail.png,563757
图3_标准空间预测/candidates/P55_browse.pdf,261663
图3_标准空间预测/candidates/P55_browse.png,564442
图3_标准空间预测/candidates/P55_detail.pdf,299049
图3_标准空间预测/candidates/P55_detail.png,664231
图3_标准空间预测/candidates/P56_browse.pdf,151794
图3_标准空间预测/candidates/P56_browse.png,397933
图3_标准空间预测/candidates/P56_detail.pdf,120512
图3_标准空间预测/candidates/P56_detail.png,404803
图3_标准空间预测/candidates/P57_browse.pdf,219645
图3_标准空间预测/candidates/P57_browse.png,480368
图3_标准空间预测/candidates/P57_detail.pdf,163518
图3_标准空间预测/candidates/P57_detail.png,520015
图3_标准空间预测/candidates/P58_browse.pdf,257322
图3_标准空间预测/candidates/P58_browse.png,501339
图3_标准空间预测/candidates/P58_detail.pdf,342333
图3_标准空间预测/candidates/P58_detail.png,795794
图3_标准空间预测/candidates/P59_browse.pdf,258375
图3_标准空间预测/candidates/P59_browse.png,480522
图3_标准空间预测/candidates/P59_detail.pdf,253936
图3_标准空间预测/candidates/P59_detail.png,613718
图3_标准空间预测/candidates/P60_browse.pdf,235353
图3_标准空间预测/candidates/P60_browse.png,461667
图3_标准空间预测/candidates/P60_detail.pdf,331535
图3_标准空间预测/candidates/P60_detail.png,636489
图3_标准空间预测/candidates/thumbs/P01_thumb.png,116912
图3_标准空间预测/candidates/thumbs/P02_thumb.png,125973
图3_标准空间预测/candidates/thumbs/P03_thumb.png,126710
图3_标准空间预测/candidates/thumbs/P04_thumb.png,107546
图3_标准空间预测/candidates/thumbs/P05_thumb.png,93262
图3_标准空间预测/candidates/thumbs/P06_thumb.png,125083
图3_标准空间预测/candidates/thumbs/P07_thumb.png,133673
图3_标准空间预测/candidates/thumbs/P08_thumb.png,97326
图3_标准空间预测/candidates/thumbs/P09_thumb.png,125539
图3_标准空间预测/candidates/thumbs/P10_thumb.png,122353
图3_标准空间预测/candidates/thumbs/P11_thumb.png,111946
图3_标准空间预测/candidates/thumbs/P12_thumb.png,108804
图3_标准空间预测/candidates/thumbs/P13_thumb.png,106482
图3_标准空间预测/candidates/thumbs/P14_thumb.png,123212
图3_标准空间预测/candidates/thumbs/P15_thumb.png,104615
图3_标准空间预测/candidates/thumbs/P16_thumb.png,112259
图3_标准空间预测/candidates/thumbs/P17_thumb.png,125947
图3_标准空间预测/candidates/thumbs/P18_thumb.png,91716
图3_标准空间预测/candidates/thumbs/P19_thumb.png,109362
图3_标准空间预测/candidates/thumbs/P20_thumb.png,92025
图3_标准空间预测/candidates/thumbs/P21_thumb.png,121168
图3_标准空间预测/candidates/thumbs/P22_thumb.png,95791
图3_标准空间预测/candidates/thumbs/P23_thumb.png,119187
图3_标准空间预测/candidates/thumbs/P24_thumb.png,131426
图3_标准空间预测/candidates/thumbs/P25_thumb.png,96674
图3_标准空间预测/candidates/thumbs/P26_thumb.png,89176
图3_标准空间预测/candidates/thumbs/P27_thumb.png,115706
图3_标准空间预测/candidates/thumbs/P28_thumb.png,100685
图3_标准空间预测/candidates/thumbs/P29_thumb.png,100148
图3_标准空间预测/candidates/thumbs/P30_thumb.png,102456
图3_标准空间预测/candidates/thumbs/P31_thumb.png,104511
图3_标准空间预测/candidates/thumbs/P32_thumb.png,67275
图3_标准空间预测/candidates/thumbs/P33_thumb.png,128661
图3_标准空间预测/candidates/thumbs/P34_thumb.png,118304
图3_标准空间预测/candidates/thumbs/P35_thumb.png,104730
图3_标准空间预测/candidates/thumbs/P36_thumb.png,114245
图3_标准空间预测/candidates/thumbs/P37_thumb.png,112690
图3_标准空间预测/candidates/thumbs/P38_thumb.png,117700
图3_标准空间预测/candidates/thumbs/P39_thumb.png,112154
图3_标准空间预测/candidates/thumbs/P40_thumb.png,122545
图3_标准空间预测/candidates/thumbs/P41_thumb.png,107458
图3_标准空间预测/candidates/thumbs/P42_thumb.png,97860
图3_标准空间预测/candidates/thumbs/P43_thumb.png,124767
图3_标准空间预测/candidates/thumbs/P44_thumb.png,128833
图3_标准空间预测/candidates/thumbs/P45_thumb.png,129114
图3_标准空间预测/candidates/thumbs/P46_thumb.png,122924
图3_标准空间预测/candidates/thumbs/P47_thumb.png,99656
图3_标准空间预测/candidates/thumbs/P48_thumb.png,113952
图3_标准空间预测/candidates/thumbs/P49_thumb.png,115087
图3_标准空间预测/candidates/thumbs/P50_thumb.png,122251
图3_标准空间预测/candidates/thumbs/P51_thumb.png,91135
图3_标准空间预测/candidates/thumbs/P52_thumb.png,103202
图3_标准空间预测/candidates/thumbs/P53_thumb.png,117927
图3_标准空间预测/candidates/thumbs/P54_thumb.png,118690
图3_标准空间预测/candidates/thumbs/P55_thumb.png,129508
图3_标准空间预测/candidates/thumbs/P56_thumb.png,87779
图3_标准空间预测/candidates/thumbs/P57_thumb.png,115960
图3_标准空间预测/candidates/thumbs/P58_thumb.png,115501
图3_标准空间预测/candidates/thumbs/P59_thumb.png,109609
图3_标准空间预测/candidates/thumbs/P60_thumb.png,119408
图3_标准空间预测/code/README.md,430
图3_标准空间预测/code/build_candidates.py,11759
图3_标准空间预测/code/export_arrays.py,9903
图3_标准空间预测/code/lib_showcase.py,9498
图3_标准空间预测/code/make_contact_sheets.py,9205
图3_标准空间预测/code/make_contact_sheets_5perpage.py,9001
图3_标准空间预测/code/render_final.py,2979
图3_标准空间预测/code/render_prediction.py,13878
图3_标准空间预测/code/run_official_greenearthnet_p42.py,8023
图3_标准空间预测/code/verify_showcase.py,10821
图3_标准空间预测/contact_sheets/图3_候选_page01.pdf,301785
图3_标准空间预测/contact_sheets/图3_候选_page01.png,778695
图3_标准空间预测/contact_sheets/图3_候选_page02.pdf,281712
图3_标准空间预测/contact_sheets/图3_候选_page02.png,870884
图3_标准空间预测/contact_sheets/图3_候选_page03.pdf,343724
图3_标准空间预测/contact_sheets/图3_候选_page03.png,790177
图3_标准空间预测/contact_sheets/图3_候选_page04.pdf,356882
图3_标准空间预测/contact_sheets/图3_候选_page04.png,843648
图3_标准空间预测/contact_sheets/图3_候选_page05.pdf,349861
图3_标准空间预测/contact_sheets/图3_候选_page05.png,830244
图3_标准空间预测/contact_sheets/图3_候选_page06.pdf,251349
图3_标准空间预测/contact_sheets/图3_候选_page06.png,757928
图3_标准空间预测/contact_sheets/图3_候选_page07.pdf,291660
图3_标准空间预测/contact_sheets/图3_候选_page07.png,783405
图3_标准空间预测/contact_sheets/图3_候选_page08.pdf,392036
图3_标准空间预测/contact_sheets/图3_候选_page08.png,829581
图3_标准空间预测/contact_sheets/图3_候选_page09.pdf,371193
图3_标准空间预测/contact_sheets/图3_候选_page09.png,856258
图3_标准空间预测/contact_sheets/图3_候选_page10.pdf,332744
图3_标准空间预测/contact_sheets/图3_候选_page10.png,848394
图3_标准空间预测/contact_sheets/图3_候选_page11.pdf,399990
图3_标准空间预测/contact_sheets/图3_候选_page11.png,839145
图3_标准空间预测/contact_sheets/图3_候选_page12.pdf,319471
图3_标准空间预测/contact_sheets/图3_候选_page12.png,764721
图3_标准空间预测/data/D1_table1_relative_gap.csv,855
图3_标准空间预测/data/OFFICIAL_BASELINE_WEIGHT_AUDIT.md,1202
图3_标准空间预测/data/PREDICTION_CANDIDATES_60.csv,24496
图3_标准空间预测/data/PREDICTION_CANDIDATE_METRICS_60.csv,52550
图3_标准空间预测/data/Table1_standard_prediction.csv,3788
图3_标准空间预测/data/Table1_standard_prediction.md,2322
图3_标准空间预测/data/_arrays/P01/arrays.npz,3612898
图3_标准空间预测/data/_arrays/P01/metadata.json,1998
图3_标准空间预测/data/_arrays/P02/arrays.npz,3951479
图3_标准空间预测/data/_arrays/P02/metadata.json,2011
图3_标准空间预测/data/_arrays/P03/arrays.npz,3089626
图3_标准空间预测/data/_arrays/P03/metadata.json,1960
图3_标准空间预测/data/_arrays/P04/arrays.npz,3106210
图3_标准空间预测/data/_arrays/P04/metadata.json,2016
图3_标准空间预测/data/_arrays/P05/arrays.npz,3756413
图3_标准空间预测/data/_arrays/P05/metadata.json,1993
图3_标准空间预测/data/_arrays/P06/arrays.npz,3777594
图3_标准空间预测/data/_arrays/P06/metadata.json,1995
图3_标准空间预测/data/_arrays/P07/arrays.npz,3963293
图3_标准空间预测/data/_arrays/P07/metadata.json,2006
图3_标准空间预测/data/_arrays/P08/arrays.npz,3962526
图3_标准空间预测/data/_arrays/P08/metadata.json,2012
图3_标准空间预测/data/_arrays/P09/arrays.npz,3707589
图3_标准空间预测/data/_arrays/P09/metadata.json,1994
图3_标准空间预测/data/_arrays/P10/arrays.npz,3658087
图3_标准空间预测/data/_arrays/P10/metadata.json,1994
图3_标准空间预测/data/_arrays/P11/arrays.npz,3892450
图3_标准空间预测/data/_arrays/P11/metadata.json,1975
图3_标准空间预测/data/_arrays/P12/arrays.npz,3803024
图3_标准空间预测/data/_arrays/P12/metadata.json,1997
图3_标准空间预测/data/_arrays/P13/arrays.npz,3664661
图3_标准空间预测/data/_arrays/P13/metadata.json,2002
图3_标准空间预测/data/_arrays/P14/arrays.npz,3486000
图3_标准空间预测/data/_arrays/P14/metadata.json,1989
图3_标准空间预测/data/_arrays/P15/arrays.npz,3913615
图3_标准空间预测/data/_arrays/P15/metadata.json,2000
图3_标准空间预测/data/_arrays/P16/arrays.npz,3926011
图3_标准空间预测/data/_arrays/P16/metadata.json,2028
图3_标准空间预测/data/_arrays/P17/arrays.npz,3901518
图3_标准空间预测/data/_arrays/P17/metadata.json,1996
图3_标准空间预测/data/_arrays/P18/arrays.npz,3776731
图3_标准空间预测/data/_arrays/P18/metadata.json,1997
图3_标准空间预测/data/_arrays/P19/arrays.npz,2766012
图3_标准空间预测/data/_arrays/P19/metadata.json,1962
图3_标准空间预测/data/_arrays/P20/arrays.npz,3863357
图3_标准空间预测/data/_arrays/P20/metadata.json,1983
图3_标准空间预测/data/_arrays/P21/arrays.npz,3917044
图3_标准空间预测/data/_arrays/P21/metadata.json,1978
图3_标准空间预测/data/_arrays/P22/arrays.npz,3821957
图3_标准空间预测/data/_arrays/P22/metadata.json,2006
图3_标准空间预测/data/_arrays/P23/arrays.npz,3970119
图3_标准空间预测/data/_arrays/P23/metadata.json,1994
图3_标准空间预测/data/_arrays/P24/arrays.npz,3895624
图3_标准空间预测/data/_arrays/P24/metadata.json,1997
图3_标准空间预测/data/_arrays/P25/arrays.npz,4114536
图3_标准空间预测/data/_arrays/P25/metadata.json,1974
图3_标准空间预测/data/_arrays/P26/arrays.npz,3999053
图3_标准空间预测/data/_arrays/P26/metadata.json,1962
图3_标准空间预测/data/_arrays/P27/arrays.npz,3895938
图3_标准空间预测/data/_arrays/P27/metadata.json,1954
图3_标准空间预测/data/_arrays/P28/arrays.npz,3943953
图3_标准空间预测/data/_arrays/P28/metadata.json,1972
图3_标准空间预测/data/_arrays/P29/arrays.npz,3698303
图3_标准空间预测/data/_arrays/P29/metadata.json,1978
图3_标准空间预测/data/_arrays/P30/arrays.npz,3846542
图3_标准空间预测/data/_arrays/P30/metadata.json,1978
图3_标准空间预测/data/_arrays/P31/arrays.npz,3993194
图3_标准空间预测/data/_arrays/P31/metadata.json,2002
图3_标准空间预测/data/_arrays/P32/arrays.npz,3505362
图3_标准空间预测/data/_arrays/P32/metadata.json,1978
图3_标准空间预测/data/_arrays/P33/arrays.npz,3742202
图3_标准空间预测/data/_arrays/P33/metadata.json,2022
图3_标准空间预测/data/_arrays/P34/arrays.npz,4004442
图3_标准空间预测/data/_arrays/P34/metadata.json,2012
图3_标准空间预测/data/_arrays/P35/arrays.npz,3968397
图3_标准空间预测/data/_arrays/P35/metadata.json,2026
图3_标准空间预测/data/_arrays/P36/arrays.npz,3787265
图3_标准空间预测/data/_arrays/P36/metadata.json,2000
图3_标准空间预测/data/_arrays/P37/arrays.npz,3952978
图3_标准空间预测/data/_arrays/P37/metadata.json,1988
图3_标准空间预测/data/_arrays/P38/arrays.npz,3978127
图3_标准空间预测/data/_arrays/P38/metadata.json,2027
图3_标准空间预测/data/_arrays/P39/arrays.npz,3213421
图3_标准空间预测/data/_arrays/P39/metadata.json,1979
图3_标准空间预测/data/_arrays/P40/arrays.npz,3990654
图3_标准空间预测/data/_arrays/P40/metadata.json,2023
图3_标准空间预测/data/_arrays/P41/arrays.npz,3489362
图3_标准空间预测/data/_arrays/P41/metadata.json,1997
图3_标准空间预测/data/_arrays/P42/arrays.npz,3974392
图3_标准空间预测/data/_arrays/P42/metadata.json,2018
图3_标准空间预测/data/_arrays/P43/arrays.npz,3954108
图3_标准空间预测/data/_arrays/P43/metadata.json,2003
图3_标准空间预测/data/_arrays/P44/arrays.npz,4013327
图3_标准空间预测/data/_arrays/P44/metadata.json,2032
图3_标准空间预测/data/_arrays/P45/arrays.npz,3994551
图3_标准空间预测/data/_arrays/P45/metadata.json,2034
图3_标准空间预测/data/_arrays/P46/arrays.npz,4021059
图3_标准空间预测/data/_arrays/P46/metadata.json,2006
图3_标准空间预测/data/_arrays/P47/arrays.npz,3947414
图3_标准空间预测/data/_arrays/P47/metadata.json,2012
图3_标准空间预测/data/_arrays/P48/arrays.npz,3920917
图3_标准空间预测/data/_arrays/P48/metadata.json,1995
图3_标准空间预测/data/_arrays/P49/arrays.npz,3862886
图3_标准空间预测/data/_arrays/P49/metadata.json,2031
图3_标准空间预测/data/_arrays/P50/arrays.npz,3845716
图3_标准空间预测/data/_arrays/P50/metadata.json,1982
图3_标准空间预测/data/_arrays/P51/arrays.npz,4012864
图3_标准空间预测/data/_arrays/P51/metadata.json,2013
图3_标准空间预测/data/_arrays/P52/arrays.npz,3835182
图3_标准空间预测/data/_arrays/P52/metadata.json,2009
图3_标准空间预测/data/_arrays/P53/arrays.npz,3954995
图3_标准空间预测/data/_arrays/P53/metadata.json,2016
图3_标准空间预测/data/_arrays/P54/arrays.npz,3934475
图3_标准空间预测/data/_arrays/P54/metadata.json,2006
图3_标准空间预测/data/_arrays/P55/arrays.npz,3966776
图3_标准空间预测/data/_arrays/P55/metadata.json,2022
图3_标准空间预测/data/_arrays/P56/arrays.npz,2986919
图3_标准空间预测/data/_arrays/P56/metadata.json,2004
图3_标准空间预测/data/_arrays/P57/arrays.npz,3688148
图3_标准空间预测/data/_arrays/P57/metadata.json,1990
图3_标准空间预测/data/_arrays/P58/arrays.npz,4033635
图3_标准空间预测/data/_arrays/P58/metadata.json,2017
图3_标准空间预测/data/_arrays/P59/arrays.npz,3973266
图3_标准空间预测/data/_arrays/P59/metadata.json,1989
图3_标准空间预测/data/_arrays/P60/arrays.npz,3293630
图3_标准空间预测/data/_arrays/P60/metadata.json,1968
图3_标准空间预测/data/baseline_predictions/P42.npz,4456770
图3_标准空间预测/data/baseline_predictions/P42_metrics.csv,525
图3_标准空间预测/data/baseline_predictions/P42_provenance.json,4870
图3_标准空间预测/selected/图3A_P42标准空间预测_最终.pdf,315273
图3_标准空间预测/selected/图3A_P42标准空间预测_最终.png,1051760
图3_标准空间预测/selected/图3B_P42绝对误差_最终.pdf,366955
图3_标准空间预测/selected/图3B_P42绝对误差_最终.png,1451023
图3_标准空间预测/selected_manifest.csv,464
图3_标准空间预测/selection.csv,92
图3_标准空间预测/source_manifest.csv,1236
图4_第二数据集_延期/ANALYSIS_ZH.md,414
图4_第二数据集_延期/CAPTION_ZH.md,118
图4_第二数据集_延期/README.md,195
图4_第二数据集_延期/code/README.md,114
图4_第二数据集_延期/selected_manifest.csv,26
图4_第二数据集_延期/selection.csv,84
图4_第二数据集_延期/source_manifest.csv,215
图5_时距与分布偏移/ANALYSIS_ZH.md,843
图5_时距与分布偏移/CAPTION_ZH.md,269
图5_时距与分布偏移/README.md,372
图5_时距与分布偏移/alternatives/图5_四划分四窗口_C1三种子.pdf,22438
图5_时距与分布偏移/alternatives/图5_四划分四窗口_C1三种子.png,132865
图5_时距与分布偏移/code/README.md,213
图5_时距与分布偏移/code/render_final.py,2095
图5_时距与分布偏移/data/D1_table1_relative_gap.csv,855
图5_时距与分布偏移/data/F5_window_rmse_3seed.csv,1374
图5_时距与分布偏移/data/Table1_standard_prediction.csv,3788
图5_时距与分布偏移/data/Table1_standard_prediction.md,2322
图5_时距与分布偏移/selected/图5_时距与分布偏移_最终.pdf,20951
图5_时距与分布偏移/selected/图5_时距与分布偏移_最终.png,129205
图5_时距与分布偏移/selected_manifest.csv,247
图5_时距与分布偏移/selection.csv,76
图5_时距与分布偏移/source_manifest.csv,237
图6_分段稳定性/ANALYSIS_ZH.md,988
图6_分段稳定性/CAPTION_ZH.md,404
图6_分段稳定性/README.md,424
图6_分段稳定性/alternatives/图6_分段稳定性_配对边界与C1确认.pdf,27239
图6_分段稳定性/alternatives/图6_分段稳定性_配对边界与C1确认.png,115008
图6_分段稳定性/alternatives/图6_端点监督与分段稳定性.pdf,18440
图6_分段稳定性/alternatives/图6_端点监督与分段稳定性.png,148973
图6_分段稳定性/code/README.md,230
图6_分段稳定性/code/render_final.py,3058
图6_分段稳定性/data/D2_table3_c0r_minus_c1.csv,366
图6_分段稳定性/data/D3_table6a_partition_summary.csv,363
图6_分段稳定性/data/T3_c0r_vs_c1_paired_bootstrap.json,4762
图6_分段稳定性/data/Table3_training_mechanism.csv,2356
图6_分段稳定性/data/Table3_training_mechanism.md,6195
图6_分段稳定性/data/Table6A_leaveout_partitions.csv,1847
图6_分段稳定性/data/Table6A_leaveout_partitions.md,2200
图6_分段稳定性/selected/图6_端点监督与分段稳定性_最终.pdf,27789
图6_分段稳定性/selected/图6_端点监督与分段稳定性_最终.png,127219
图6_分段稳定性/selected_manifest.csv,265
图6_分段稳定性/selection.csv,91
图6_分段稳定性/source_manifest.csv,460
图7_共同后缀与状态作用/ANALYSIS_ZH.md,1151
图7_共同后缀与状态作用/CAPTION_ZH.md,584
图7_共同后缀与状态作用/README.md,655
图7_共同后缀与状态作用/alternatives/图7D_8等频分箱中位数与IQR.pdf,27801
图7_共同后缀与状态作用/alternatives/图7D_8等频分箱中位数与IQR.png,154656
图7_共同后缀与状态作用/alternatives/图7D_原始receiver散点.pdf,78507
图7_共同后缀与状态作用/alternatives/图7D_原始receiver散点.png,380883
图7_共同后缀与状态作用/alternatives/图7_共同后缀_四划分轨迹区间箱线与关联.pdf,82442
图7_共同后缀与状态作用/alternatives/图7_共同后缀_四划分轨迹区间箱线与关联.png,419353
图7_共同后缀与状态作用/alternatives/图7_共同后缀_轨迹区间分布与关联.pdf,33377
图7_共同后缀与状态作用/alternatives/图7_共同后缀_轨迹区间分布与关联.png,313160
图7_共同后缀与状态作用/alternatives/图7_单图16线版本.pdf,56173
图7_共同后缀与状态作用/alternatives/图7_单图16线版本.png,526975
图7_共同后缀与状态作用/alternatives/图7_机制案例_M01_详细.pdf,17993
图7_共同后缀与状态作用/alternatives/图7_机制案例_M01_详细.png,79884
图7_共同后缀与状态作用/alternatives/图7_机制案例_M09_详细.pdf,17720
图7_共同后缀与状态作用/alternatives/图7_机制案例_M09_详细.png,82652
图7_共同后缀与状态作用/alternatives/图7_机制案例_M13_详细.pdf,17397
图7_共同后缀与状态作用/alternatives/图7_机制案例_M13_详细.png,80749
图7_共同后缀与状态作用/candidates/图7_机制案例_M01_浏览.png,79884
图7_共同后缀与状态作用/candidates/图7_机制案例_M02_浏览.pdf,18254
图7_共同后缀与状态作用/candidates/图7_机制案例_M02_浏览.png,96472
图7_共同后缀与状态作用/candidates/图7_机制案例_M03_浏览.pdf,17708
图7_共同后缀与状态作用/candidates/图7_机制案例_M03_浏览.png,108300
图7_共同后缀与状态作用/candidates/图7_机制案例_M04_浏览.pdf,18034
图7_共同后缀与状态作用/candidates/图7_机制案例_M04_浏览.png,101923
图7_共同后缀与状态作用/candidates/图7_机制案例_M05_浏览.png,93625
图7_共同后缀与状态作用/candidates/图7_机制案例_M06_浏览.pdf,18097
图7_共同后缀与状态作用/candidates/图7_机制案例_M06_浏览.png,85456
图7_共同后缀与状态作用/candidates/图7_机制案例_M07_浏览.pdf,17864
图7_共同后缀与状态作用/candidates/图7_机制案例_M07_浏览.png,81358
图7_共同后缀与状态作用/candidates/图7_机制案例_M08_浏览.pdf,18030
图7_共同后缀与状态作用/candidates/图7_机制案例_M08_浏览.png,86275
图7_共同后缀与状态作用/candidates/图7_机制案例_M09_浏览.png,82652
图7_共同后缀与状态作用/candidates/图7_机制案例_M10_浏览.pdf,17303
图7_共同后缀与状态作用/candidates/图7_机制案例_M10_浏览.png,95013
图7_共同后缀与状态作用/candidates/图7_机制案例_M11_浏览.pdf,17784
图7_共同后缀与状态作用/candidates/图7_机制案例_M11_浏览.png,107478
图7_共同后缀与状态作用/candidates/图7_机制案例_M12_浏览.pdf,16818
图7_共同后缀与状态作用/candidates/图7_机制案例_M12_浏览.png,83036
图7_共同后缀与状态作用/candidates/图7_机制案例_M13_浏览.png,80749
图7_共同后缀与状态作用/candidates/图7_机制案例_M14_浏览.pdf,17601
图7_共同后缀与状态作用/candidates/图7_机制案例_M14_浏览.png,88270
图7_共同后缀与状态作用/candidates/图7_机制案例_M15_浏览.pdf,17354
图7_共同后缀与状态作用/candidates/图7_机制案例_M15_浏览.png,105858
图7_共同后缀与状态作用/candidates/图7_机制案例_M16_浏览.pdf,17660
图7_共同后缀与状态作用/candidates/图7_机制案例_M16_浏览.png,90575
图7_共同后缀与状态作用/code/README.md,299
图7_共同后缀与状态作用/code/render_final.py,6613
图7_共同后缀与状态作用/contact_sheets/图7_机制候选_第01页.pdf,155261
图7_共同后缀与状态作用/contact_sheets/图7_机制候选_第01页.png,316657
图7_共同后缀与状态作用/contact_sheets/图7_机制候选_第02页.pdf,144316
图7_共同后缀与状态作用/contact_sheets/图7_机制候选_第02页.png,298547
图7_共同后缀与状态作用/contact_sheets/图7_机制候选_第03页.pdf,151028
图7_共同后缀与状态作用/contact_sheets/图7_机制候选_第03页.png,311814
图7_共同后缀与状态作用/contact_sheets/图7_机制候选_第04页.pdf,147952
图7_共同后缀与状态作用/contact_sheets/图7_机制候选_第04页.png,306940
图7_共同后缀与状态作用/data/D4_table6b_condition_vs_D20.csv,1983
图7_共同后缀与状态作用/data/D4_table6b_prefix_spread.csv,254
图7_共同后缀与状态作用/data/D5_table4b_exceptions.csv,189
图7_共同后缀与状态作用/data/D5_table4b_summary.csv,3087
图7_共同后缀与状态作用/data/MECHANISM_CANDIDATES_16.csv,1791
图7_共同后缀与状态作用/data/Table4A_state_load_bearing.csv,2335
图7_共同后缀与状态作用/data/Table4A_state_load_bearing.md,1833
图7_共同后缀与状态作用/data/Table4B_state_intervention_corrected.csv,3555
图7_共同后缀与状态作用/data/Table4B_state_intervention_corrected.md,5767
图7_共同后缀与状态作用/data/Table6B_common_suffix.csv,4380
图7_共同后缀与状态作用/data/Table6B_common_suffix.md,6423
图7_共同后缀与状态作用/data/iid_per_cube_horizon.csv,6370995
图7_共同后缀与状态作用/data/ood_s_per_cube_horizon.csv,21078083
图7_共同后缀与状态作用/data/ood_st_per_cube_horizon.csv,16189944
图7_共同后缀与状态作用/data/ood_t_per_cube_horizon.csv,4849660
图7_共同后缀与状态作用/data/state_output_association_binned.csv,444
图7_共同后缀与状态作用/data/四划分_receiver状态与输出.csv,1620203
图7_共同后缀与状态作用/data/四划分_逐后缀时距聚合.csv,3564
图7_共同后缀与状态作用/selected/图7_共同后缀与状态作用_最终.pdf,57409
图7_共同后缀与状态作用/selected/图7_共同后缀与状态作用_最终.png,449098
图7_共同后缀与状态作用/selected/图7_机制案例_M05_详细.pdf,18372
图7_共同后缀与状态作用/selected/图7_机制案例_M05_详细.png,93625
图7_共同后缀与状态作用/selected_manifest.csv,469
图7_共同后缀与状态作用/selection.csv,154
图7_共同后缀与状态作用/source_manifest.csv,393
图8_天气条件响应/ANALYSIS_ZH.md,1480
图8_天气条件响应/CAPTION_ZH.md,742
图8_天气条件响应/README.md,664
图8_天气条件响应/alternatives/W02_detail.pdf,93950
图8_天气条件响应/alternatives/W02_detail.png,374511
图8_天气条件响应/alternatives/W06_detail.pdf,212279
图8_天气条件响应/alternatives/W06_detail.png,496075
图8_天气条件响应/alternatives/W08_detail.pdf,162994
图8_天气条件响应/alternatives/W08_detail.png,482807
图8_天气条件响应/alternatives/W12_detail.pdf,172983
图8_天气条件响应/alternatives/W12_detail.png,532454
图8_天气条件响应/alternatives/图8_W02右侧竖直色带版本.pdf,110256
图8_天气条件响应/alternatives/图8_W02右侧竖直色带版本.png,490978
图8_天气条件响应/alternatives/图8_天气响应_总体与W02过程.pdf,22784
图8_天气条件响应/alternatives/图8_天气响应_总体与W02过程.png,193377
图8_天气条件响应/alternatives/图8_总体双图例版本.pdf,25879
图8_天气条件响应/alternatives/图8_总体双图例版本.png,213750
图8_天气条件响应/candidates/W01_browse.png,256447
图8_天气条件响应/candidates/W02_browse.png,153322
图8_天气条件响应/candidates/W03_browse.png,181639
图8_天气条件响应/candidates/W04_browse.png,169982
图8_天气条件响应/candidates/W05_browse.png,163354
图8_天气条件响应/candidates/W06_browse.png,158868
图8_天气条件响应/candidates/W07_browse.png,152973
图8_天气条件响应/candidates/W08_browse.png,156747
图8_天气条件响应/candidates/W09_browse.png,166249
图8_天气条件响应/candidates/W10_browse.png,155958
图8_天气条件响应/candidates/W11_browse.png,170499
图8_天气条件响应/candidates/W12_browse.png,186466
图8_天气条件响应/code/README.md,314
图8_天气条件响应/code/render_final.py,7560
图8_天气条件响应/contact_sheets/图8_天气候选_page01.pdf,257203
图8_天气条件响应/contact_sheets/图8_天气候选_page01.png,820477
图8_天气条件响应/contact_sheets/图8_天气候选_page02.pdf,226474
图8_天气条件响应/contact_sheets/图8_天气候选_page02.png,739824
图8_天气条件响应/data/Table5_weather_response.csv,4444
图8_天气条件响应/data/Table5_weather_response.md,8139
图8_天气条件响应/data/WEATHER_CANDIDATES_12.csv,4270
图8_天气条件响应/data/WEATHER_CANDIDATE_METRICS.csv,2155
图8_天气条件响应/data/_arrays/W01/arrays.npz,4611471
图8_天气条件响应/data/_arrays/W01/metadata.json,1220
图8_天气条件响应/data/_arrays/W02/arrays.npz,4450220
图8_天气条件响应/data/_arrays/W02/metadata.json,1219
图8_天气条件响应/data/_arrays/W03/arrays.npz,4566106
图8_天气条件响应/data/_arrays/W03/metadata.json,1220
图8_天气条件响应/data/_arrays/W04/arrays.npz,4483593
图8_天气条件响应/data/_arrays/W04/metadata.json,1223
图8_天气条件响应/data/_arrays/W05/arrays.npz,4598662
图8_天气条件响应/data/_arrays/W05/metadata.json,1223
图8_天气条件响应/data/_arrays/W06/arrays.npz,4596143
图8_天气条件响应/data/_arrays/W06/metadata.json,1223
图8_天气条件响应/data/_arrays/W07/arrays.npz,4538840
图8_天气条件响应/data/_arrays/W07/metadata.json,1223
图8_天气条件响应/data/_arrays/W08/arrays.npz,4402223
图8_天气条件响应/data/_arrays/W08/metadata.json,1220
图8_天气条件响应/data/_arrays/W09/arrays.npz,4524278
图8_天气条件响应/data/_arrays/W09/metadata.json,1220
图8_天气条件响应/data/_arrays/W10/arrays.npz,4565693
图8_天气条件响应/data/_arrays/W10/metadata.json,1219
图8_天气条件响应/data/_arrays/W11/arrays.npz,4526872
图8_天气条件响应/data/_arrays/W11/metadata.json,1219
图8_天气条件响应/data/_arrays/W12/arrays.npz,4505195
图8_天气条件响应/data/_arrays/W12/metadata.json,1220
图8_天气条件响应/selected/图8_W02空间与轨迹_最终.pdf,111337
图8_天气条件响应/selected/图8_W02空间与轨迹_最终.png,473049
图8_天气条件响应/selected/图8_天气响应总体与输入过程_最终.pdf,26329
图8_天气条件响应/selected/图8_天气响应总体与输入过程_最终.png,220200
图8_天气条件响应/selected_manifest.csv,487
图8_天气条件响应/selection.csv,129
图8_天气条件响应/source_manifest.csv,391
图9_状态复用成本/ANALYSIS_ZH.md,1047
图9_状态复用成本/CAPTION_ZH.md,395
图9_状态复用成本/README.md,400
图9_状态复用成本/alternatives/图9_状态复用_实测分解与成本模型.pdf,19038
图9_状态复用成本/alternatives/图9_状态复用_实测分解与成本模型.png,106273
图9_状态复用成本/alternatives/图9_状态复用_实测分解与离散成本模型.pdf,17435
图9_状态复用成本/alternatives/图9_状态复用_实测分解与离散成本模型.png,145681
图9_状态复用成本/code/README.md,228
图9_状态复用成本/code/render_final.py,2791
图9_状态复用成本/data/D6_cost_model_recomputed.csv,116
图9_状态复用成本/data/T7_c1_runtime.json,8671
图9_状态复用成本/data/Table7_efficiency_state_reuse.csv,1623
图9_状态复用成本/data/Table7_efficiency_state_reuse.md,6338
图9_状态复用成本/selected/图9_状态复用成本_最终.pdf,25914
图9_状态复用成本/selected/图9_状态复用成本_最终.png,154064
图9_状态复用成本/selected_manifest.csv,241
图9_状态复用成本/selection.csv,98
图9_状态复用成本/source_manifest.csv,263
